"1558691232","7C-D1-C3-57-5F-EE","100"
"1558691245","7C-D1-C3-57-5F-EE","100"
"1558691305","7C-D1-C3-57-5F-EE","100"
"1558691365","7C-D1-C3-57-5F-EE","100"
"1558691425","7C-D1-C3-57-5F-EE","100"
"1558691485","7C-D1-C3-57-5F-EE","100"
"1558691546","7C-D1-C3-57-5F-EE","100"
"1558691606","7C-D1-C3-57-5F-EE","100"
"1558691666","7C-D1-C3-57-5F-EE","100"
"1558691726","7C-D1-C3-57-5F-EE","100"
"1558691787","7C-D1-C3-57-5F-EE","100"
"1558691847","7C-D1-C3-57-5F-EE","100"
"1558691907","7C-D1-C3-57-5F-EE","100"
"1558691967","7C-D1-C3-57-5F-EE","100"
"1558692028","7C-D1-C3-57-5F-EE","100"
"1558692088","7C-D1-C3-57-5F-EE","100"
"1558692148","7C-D1-C3-57-5F-EE","100"
"1558692208","7C-D1-C3-57-5F-EE","100"
"1558692269","7C-D1-C3-57-5F-EE","100"
"1558692329","7C-D1-C3-57-5F-EE","100"
"1558692389","7C-D1-C3-57-5F-EE","100"
"1558692449","7C-D1-C3-57-5F-EE","100"
"1558692510","7C-D1-C3-57-5F-EE","100"
"1558692570","7C-D1-C3-57-5F-EE","100"
"1558692630","7C-D1-C3-57-5F-EE","100"
"1558692690","7C-D1-C3-57-5F-EE","100"
"1558692751","7C-D1-C3-57-5F-EE","100"
"1558692811","7C-D1-C3-57-5F-EE","100"
"1558692871","7C-D1-C3-57-5F-EE","100"
"1558692931","7C-D1-C3-57-5F-EE","100"
"1558692991","7C-D1-C3-57-5F-EE","100"
"1558693052","7C-D1-C3-57-5F-EE","100"
"1558693112","7C-D1-C3-57-5F-EE","100"
"1558693172","7C-D1-C3-57-5F-EE","100"
"1558693232","7C-D1-C3-57-5F-EE","100"
"1558693293","7C-D1-C3-57-5F-EE","100"
"1558693353","7C-D1-C3-57-5F-EE","100"
"1558693413","7C-D1-C3-57-5F-EE","100"
"1558693473","7C-D1-C3-57-5F-EE","100"
"1558693534","7C-D1-C3-57-5F-EE","100"
"1558693594","7C-D1-C3-57-5F-EE","100"
"1558693654","7C-D1-C3-57-5F-EE","100"
"1558693714","7C-D1-C3-57-5F-EE","100"
"1558693775","7C-D1-C3-57-5F-EE","100"
"1558693835","7C-D1-C3-57-5F-EE","100"
"1558693895","7C-D1-C3-57-5F-EE","100"
"1558693955","7C-D1-C3-57-5F-EE","100"
"1558694016","7C-D1-C3-57-5F-EE","100"
"1558694076","7C-D1-C3-57-5F-EE","100"
"1558694136","7C-D1-C3-57-5F-EE","100"
"1558694196","7C-D1-C3-57-5F-EE","100"
"1558694257","7C-D1-C3-57-5F-EE","100"
"1558694317","7C-D1-C3-57-5F-EE","100"
"1558694377","7C-D1-C3-57-5F-EE","100"
"1558694437","7C-D1-C3-57-5F-EE","100"
"1558694498","7C-D1-C3-57-5F-EE","100"
"1558694558","7C-D1-C3-57-5F-EE","100"
"1558694618","7C-D1-C3-57-5F-EE","100"
"1558694678","7C-D1-C3-57-5F-EE","100"
"1558694739","7C-D1-C3-57-5F-EE","100"
"1558694799","7C-D1-C3-57-5F-EE","100"
"1558694859","7C-D1-C3-57-5F-EE","100"
"1558694920","7C-D1-C3-57-5F-EE","100"
"1558694980","7C-D1-C3-57-5F-EE","100"
"1558695040","7C-D1-C3-57-5F-EE","100"
"1558695100","7C-D1-C3-57-5F-EE","100"
"1558695160","7C-D1-C3-57-5F-EE","100"
"1558695221","7C-D1-C3-57-5F-EE","100"
"1558695281","7C-D1-C3-57-5F-EE","100"
"1558695341","7C-D1-C3-57-5F-EE","100"
"1558695402","7C-D1-C3-57-5F-EE","100"
"1558695462","7C-D1-C3-57-5F-EE","100"
"1558695522","7C-D1-C3-57-5F-EE","100"
"1558695582","7C-D1-C3-57-5F-EE","100"
"1558695643","7C-D1-C3-57-5F-EE","100"
"1558695703","7C-D1-C3-57-5F-EE","100"
"1558695763","7C-D1-C3-57-5F-EE","100"
"1558695823","7C-D1-C3-57-5F-EE","100"
"1558695883","7C-D1-C3-57-5F-EE","100"
"1558695944","7C-D1-C3-57-5F-EE","100"
"1558696004","7C-D1-C3-57-5F-EE","100"
"1558696064","7C-D1-C3-57-5F-EE","100"
"1558696124","7C-D1-C3-57-5F-EE","100"
"1558696185","7C-D1-C3-57-5F-EE","100"
"1558696245","7C-D1-C3-57-5F-EE","100"
"1558696305","7C-D1-C3-57-5F-EE","100"
"1558696365","7C-D1-C3-57-5F-EE","100"
"1558696425","7C-D1-C3-57-5F-EE","100"
"1558696486","7C-D1-C3-57-5F-EE","100"
"1558696546","7C-D1-C3-57-5F-EE","100"
"1558696606","7C-D1-C3-57-5F-EE","100"
"1558696666","7C-D1-C3-57-5F-EE","100"
"1558696727","7C-D1-C3-57-5F-EE","100"
"1558696787","7C-D1-C3-57-5F-EE","100"
"1558696847","7C-D1-C3-57-5F-EE","100"
"1558696907","7C-D1-C3-57-5F-EE","100"
"1558696968","7C-D1-C3-57-5F-EE","100"
"1558697028","7C-D1-C3-57-5F-EE","100"
"1558697088","7C-D1-C3-57-5F-EE","100"
"1558697148","7C-D1-C3-57-5F-EE","100"
"1558697209","7C-D1-C3-57-5F-EE","100"
"1558697269","7C-D1-C3-57-5F-EE","100"
"1558697329","7C-D1-C3-57-5F-EE","100"
"1558697389","7C-D1-C3-57-5F-EE","100"
"1558697449","7C-D1-C3-57-5F-EE","100"
"1558697510","7C-D1-C3-57-5F-EE","100"
"1558697570","7C-D1-C3-57-5F-EE","100"
"1558697630","7C-D1-C3-57-5F-EE","100"
"1558697691","7C-D1-C3-57-5F-EE","100"
"1558697751","7C-D1-C3-57-5F-EE","100"
"1558697811","7C-D1-C3-57-5F-EE","100"
"1558697871","7C-D1-C3-57-5F-EE","100"
"1558697932","7C-D1-C3-57-5F-EE","100"
"1558697992","7C-D1-C3-57-5F-EE","100"
"1558698052","7C-D1-C3-57-5F-EE","100"
"1558698112","7C-D1-C3-57-5F-EE","100"
"1558698173","7C-D1-C3-57-5F-EE","100"
"1558698233","7C-D1-C3-57-5F-EE","100"
"1558698293","7C-D1-C3-57-5F-EE","100"
"1558698353","7C-D1-C3-57-5F-EE","100"
"1558698414","7C-D1-C3-57-5F-EE","100"
"1558698474","7C-D1-C3-57-5F-EE","100"
"1558698534","7C-D1-C3-57-5F-EE","100"
"1558698594","7C-D1-C3-57-5F-EE","100"
"1558698654","7C-D1-C3-57-5F-EE","100"
"1558698715","7C-D1-C3-57-5F-EE","100"
"1558698775","7C-D1-C3-57-5F-EE","100"
"1558698835","7C-D1-C3-57-5F-EE","100"
"1558698895","7C-D1-C3-57-5F-EE","100"
"1558698956","7C-D1-C3-57-5F-EE","100"
"1558699016","7C-D1-C3-57-5F-EE","100"
"1558699076","7C-D1-C3-57-5F-EE","100"
"1558699136","7C-D1-C3-57-5F-EE","100"
"1558699197","7C-D1-C3-57-5F-EE","100"
"1558699257","7C-D1-C3-57-5F-EE","100"
"1558699317","7C-D1-C3-57-5F-EE","100"
"1558699377","7C-D1-C3-57-5F-EE","100"
"1558699438","7C-D1-C3-57-5F-EE","100"
"1558699498","7C-D1-C3-57-5F-EE","100"
"1558699558","7C-D1-C3-57-5F-EE","100"
"1558699618","7C-D1-C3-57-5F-EE","100"
"1558699679","7C-D1-C3-57-5F-EE","100"
"1558699739","7C-D1-C3-57-5F-EE","100"
"1558699799","7C-D1-C3-57-5F-EE","100"
"1558699859","7C-D1-C3-57-5F-EE","100"
"1558699920","7C-D1-C3-57-5F-EE","100"
"1558699980","7C-D1-C3-57-5F-EE","100"
"1558700040","7C-D1-C3-57-5F-EE","100"
"1558700100","7C-D1-C3-57-5F-EE","100"
"1558700161","7C-D1-C3-57-5F-EE","100"
"1558700221","7C-D1-C3-57-5F-EE","100"
"1558700281","7C-D1-C3-57-5F-EE","100"
"1558700342","7C-D1-C3-57-5F-EE","100"
"1558700402","7C-D1-C3-57-5F-EE","100"
"1558700462","7C-D1-C3-57-5F-EE","100"
"1558700522","7C-D1-C3-57-5F-EE","100"
"1558700583","7C-D1-C3-57-5F-EE","100"
"1558700643","7C-D1-C3-57-5F-EE","100"
"1558700703","7C-D1-C3-57-5F-EE","100"
"1558700763","7C-D1-C3-57-5F-EE","100"
"1558700824","7C-D1-C3-57-5F-EE","100"
"1558700884","7C-D1-C3-57-5F-EE","100"
"1558700944","7C-D1-C3-57-5F-EE","100"
"1558701004","7C-D1-C3-57-5F-EE","100"
"1558701065","7C-D1-C3-57-5F-EE","100"
"1558701125","7C-D1-C3-57-5F-EE","100"
"1558701185","7C-D1-C3-57-5F-EE","100"
"1558701246","7C-D1-C3-57-5F-EE","100"
"1558701306","7C-D1-C3-57-5F-EE","100"
"1558701366","7C-D1-C3-57-5F-EE","100"
"1558701426","7C-D1-C3-57-5F-EE","100"
"1558701487","7C-D1-C3-57-5F-EE","100"
"1558701547","7C-D1-C3-57-5F-EE","100"
"1558701607","7C-D1-C3-57-5F-EE","100"
"1558701667","7C-D1-C3-57-5F-EE","100"
"1558701728","7C-D1-C3-57-5F-EE","100"
"1558701788","7C-D1-C3-57-5F-EE","100"
"1558701848","7C-D1-C3-57-5F-EE","100"
"1558701908","7C-D1-C3-57-5F-EE","100"
"1558701969","7C-D1-C3-57-5F-EE","100"
"1558702029","7C-D1-C3-57-5F-EE","100"
"1558702089","7C-D1-C3-57-5F-EE","100"
"1558702149","7C-D1-C3-57-5F-EE","100"
"1558702210","7C-D1-C3-57-5F-EE","100"
"1558702270","7C-D1-C3-57-5F-EE","100"
"1558702330","7C-D1-C3-57-5F-EE","100"
"1558702390","7C-D1-C3-57-5F-EE","100"
"1558702451","7C-D1-C3-57-5F-EE","100"
"1558702511","7C-D1-C3-57-5F-EE","100"
"1558702571","7C-D1-C3-57-5F-EE","100"
"1558702631","7C-D1-C3-57-5F-EE","100"
"1558702692","7C-D1-C3-57-5F-EE","100"
"1558702752","7C-D1-C3-57-5F-EE","100"
"1558702812","7C-D1-C3-57-5F-EE","100"
"1558702872","7C-D1-C3-57-5F-EE","100"
"1558702933","7C-D1-C3-57-5F-EE","100"
"1558702993","7C-D1-C3-57-5F-EE","100"
"1558703053","7C-D1-C3-57-5F-EE","100"
"1558703113","7C-D1-C3-57-5F-EE","100"
"1558703174","7C-D1-C3-57-5F-EE","100"
"1558703234","7C-D1-C3-57-5F-EE","100"
"1558703294","7C-D1-C3-57-5F-EE","100"
"1558703354","7C-D1-C3-57-5F-EE","100"
"1558703415","7C-D1-C3-57-5F-EE","100"
"1558703475","7C-D1-C3-57-5F-EE","100"
"1558703535","7C-D1-C3-57-5F-EE","100"
"1558703595","7C-D1-C3-57-5F-EE","100"
"1558703656","7C-D1-C3-57-5F-EE","100"
"1558703716","7C-D1-C3-57-5F-EE","100"
"1558703776","7C-D1-C3-57-5F-EE","100"
"1558703836","7C-D1-C3-57-5F-EE","100"
"1558703897","7C-D1-C3-57-5F-EE","100"
"1558703957","7C-D1-C3-57-5F-EE","100"
"1558704017","7C-D1-C3-57-5F-EE","100"
"1558704078","7C-D1-C3-57-5F-EE","100"
"1558704138","7C-D1-C3-57-5F-EE","100"
"1558704198","7C-D1-C3-57-5F-EE","100"
"1558704258","7C-D1-C3-57-5F-EE","100"
"1558704319","7C-D1-C3-57-5F-EE","100"
"1558704379","7C-D1-C3-57-5F-EE","100"
"1558704439","7C-D1-C3-57-5F-EE","100"
"1558704500","7C-D1-C3-57-5F-EE","100"
"1558704560","7C-D1-C3-57-5F-EE","100"
"1558704620","7C-D1-C3-57-5F-EE","100"
"1558704680","7C-D1-C3-57-5F-EE","100"
"1558704741","7C-D1-C3-57-5F-EE","100"
"1558704801","7C-D1-C3-57-5F-EE","100"
"1558704861","7C-D1-C3-57-5F-EE","100"
"1558704921","7C-D1-C3-57-5F-EE","100"
"1558704982","7C-D1-C3-57-5F-EE","100"
"1558705042","7C-D1-C3-57-5F-EE","100"
"1558705102","7C-D1-C3-57-5F-EE","100"
"1558705162","7C-D1-C3-57-5F-EE","100"
"1558705223","7C-D1-C3-57-5F-EE","100"
"1558705283","7C-D1-C3-57-5F-EE","100"
"1558705343","7C-D1-C3-57-5F-EE","100"
"1558705403","7C-D1-C3-57-5F-EE","100"
"1558705464","7C-D1-C3-57-5F-EE","100"
"1558705524","7C-D1-C3-57-5F-EE","100"
"1558705584","7C-D1-C3-57-5F-EE","100"
"1558705644","7C-D1-C3-57-5F-EE","100"
"1558705705","7C-D1-C3-57-5F-EE","100"
"1558705765","7C-D1-C3-57-5F-EE","100"
"1558705825","7C-D1-C3-57-5F-EE","100"
"1558705885","7C-D1-C3-57-5F-EE","100"
"1558705946","7C-D1-C3-57-5F-EE","100"
"1558706006","7C-D1-C3-57-5F-EE","100"
"1558706066","7C-D1-C3-57-5F-EE","100"
"1558706126","7C-D1-C3-57-5F-EE","100"
"1558706187","7C-D1-C3-57-5F-EE","100"
"1558706247","7C-D1-C3-57-5F-EE","100"
"1558706307","7C-D1-C3-57-5F-EE","100"
"1558706367","7C-D1-C3-57-5F-EE","100"
"1558706428","7C-D1-C3-57-5F-EE","100"
"1558706488","7C-D1-C3-57-5F-EE","100"
"1558706548","7C-D1-C3-57-5F-EE","100"
"1558706608","7C-D1-C3-57-5F-EE","100"
"1558706669","7C-D1-C3-57-5F-EE","100"
"1558706729","7C-D1-C3-57-5F-EE","100"
"1558706789","7C-D1-C3-57-5F-EE","100"
"1558706849","7C-D1-C3-57-5F-EE","100"
"1558706910","7C-D1-C3-57-5F-EE","100"
"1558706970","7C-D1-C3-57-5F-EE","100"
"1558707030","7C-D1-C3-57-5F-EE","100"
"1558707090","7C-D1-C3-57-5F-EE","100"
"1558707151","7C-D1-C3-57-5F-EE","100"
"1558707211","7C-D1-C3-57-5F-EE","100"
"1558707271","7C-D1-C3-57-5F-EE","100"
"1558707331","7C-D1-C3-57-5F-EE","100"
"1558707391","7C-D1-C3-57-5F-EE","100"
"1558707452","7C-D1-C3-57-5F-EE","100"
"1558707512","7C-D1-C3-57-5F-EE","100"
"1558707572","7C-D1-C3-57-5F-EE","100"
"1558707632","7C-D1-C3-57-5F-EE","100"
"1558707692","7C-D1-C3-57-5F-EE","100"
"1558707753","7C-D1-C3-57-5F-EE","100"
"1558707813","7C-D1-C3-57-5F-EE","100"
"1558707873","7C-D1-C3-57-5F-EE","100"
"1558707933","7C-D1-C3-57-5F-EE","100"
"1558707994","7C-D1-C3-57-5F-EE","100"
"1558708054","7C-D1-C3-57-5F-EE","100"
"1558708114","7C-D1-C3-57-5F-EE","100"
"1558708174","7C-D1-C3-57-5F-EE","100"
"1558708235","7C-D1-C3-57-5F-EE","100"
"1558708295","7C-D1-C3-57-5F-EE","100"
"1558708355","7C-D1-C3-57-5F-EE","100"
"1558708415","7C-D1-C3-57-5F-EE","100"
"1558708476","7C-D1-C3-57-5F-EE","100"
"1558708536","7C-D1-C3-57-5F-EE","100"
"1558708596","7C-D1-C3-57-5F-EE","100"
"1558708656","7C-D1-C3-57-5F-EE","100"
"1558708717","7C-D1-C3-57-5F-EE","100"
"1558708777","7C-D1-C3-57-5F-EE","100"
"1558708837","7C-D1-C3-57-5F-EE","100"
"1558708897","7C-D1-C3-57-5F-EE","100"
"1558708958","7C-D1-C3-57-5F-EE","100"
"1558709018","7C-D1-C3-57-5F-EE","100"
"1558709078","7C-D1-C3-57-5F-EE","100"
"1558709138","7C-D1-C3-57-5F-EE","100"
"1558709198","7C-D1-C3-57-5F-EE","100"
"1558709259","7C-D1-C3-57-5F-EE","100"
"1558709319","7C-D1-C3-57-5F-EE","100"
"1558709379","7C-D1-C3-57-5F-EE","100"
"1558709439","7C-D1-C3-57-5F-EE","100"
"1558709500","7C-D1-C3-57-5F-EE","100"
"1558709560","7C-D1-C3-57-5F-EE","100"
"1558709620","7C-D1-C3-57-5F-EE","100"
"1558709680","7C-D1-C3-57-5F-EE","100"
"1558709740","7C-D1-C3-57-5F-EE","100"
"1558709801","7C-D1-C3-57-5F-EE","100"
"1558709861","7C-D1-C3-57-5F-EE","100"
"1558709921","7C-D1-C3-57-5F-EE","100"
"1558709981","7C-D1-C3-57-5F-EE","100"
"1558710042","7C-D1-C3-57-5F-EE","100"
"1558710102","7C-D1-C3-57-5F-EE","100"
"1558710162","7C-D1-C3-57-5F-EE","100"
"1558710222","7C-D1-C3-57-5F-EE","100"
"1558710283","7C-D1-C3-57-5F-EE","100"
"1558710343","7C-D1-C3-57-5F-EE","100"
"1558710403","7C-D1-C3-57-5F-EE","100"
"1558710463","7C-D1-C3-57-5F-EE","100"
"1558710524","7C-D1-C3-57-5F-EE","100"
"1558710584","7C-D1-C3-57-5F-EE","100"
"1558710644","7C-D1-C3-57-5F-EE","100"
"1558710704","7C-D1-C3-57-5F-EE","100"
"1558710765","7C-D1-C3-57-5F-EE","100"
"1558710825","7C-D1-C3-57-5F-EE","100"
"1558710885","7C-D1-C3-57-5F-EE","100"
"1558710945","7C-D1-C3-57-5F-EE","100"
"1558711005","7C-D1-C3-57-5F-EE","100"
"1558711066","7C-D1-C3-57-5F-EE","100"
"1558711126","7C-D1-C3-57-5F-EE","100"
"1558711186","7C-D1-C3-57-5F-EE","100"
"1558711246","7C-D1-C3-57-5F-EE","100"
"1558711307","7C-D1-C3-57-5F-EE","100"
"1558711367","7C-D1-C3-57-5F-EE","100"
"1558711427","7C-D1-C3-57-5F-EE","100"
"1558711487","7C-D1-C3-57-5F-EE","100"
"1558711548","7C-D1-C3-57-5F-EE","100"
"1558711608","7C-D1-C3-57-5F-EE","100"
"1558711668","7C-D1-C3-57-5F-EE","100"
"1558711728","7C-D1-C3-57-5F-EE","100"
"1558711789","7C-D1-C3-57-5F-EE","100"
"1558711849","7C-D1-C3-57-5F-EE","100"
"1558711909","7C-D1-C3-57-5F-EE","100"
"1558711969","7C-D1-C3-57-5F-EE","100"
"1558712030","7C-D1-C3-57-5F-EE","100"
"1558712090","7C-D1-C3-57-5F-EE","100"
"1558712150","7C-D1-C3-57-5F-EE","100"
"1558712210","7C-D1-C3-57-5F-EE","100"
"1558712271","7C-D1-C3-57-5F-EE","100"
"1558712331","7C-D1-C3-57-5F-EE","100"
"1558712391","7C-D1-C3-57-5F-EE","100"
"1558712451","7C-D1-C3-57-5F-EE","100"
"1558712511","7C-D1-C3-57-5F-EE","100"
"1558712572","7C-D1-C3-57-5F-EE","100"
"1558712632","7C-D1-C3-57-5F-EE","100"
"1558712692","7C-D1-C3-57-5F-EE","100"
"1558712752","7C-D1-C3-57-5F-EE","100"
"1558712813","7C-D1-C3-57-5F-EE","100"
"1558712873","7C-D1-C3-57-5F-EE","100"
"1558712933","7C-D1-C3-57-5F-EE","100"
"1558712993","7C-D1-C3-57-5F-EE","100"
"1558713054","7C-D1-C3-57-5F-EE","100"
"1558713114","7C-D1-C3-57-5F-EE","100"
"1558713174","7C-D1-C3-57-5F-EE","100"
"1558713234","7C-D1-C3-57-5F-EE","100"
"1558713295","7C-D1-C3-57-5F-EE","100"
"1558713355","7C-D1-C3-57-5F-EE","100"
"1558713415","7C-D1-C3-57-5F-EE","100"
"1558713475","7C-D1-C3-57-5F-EE","100"
"1558713536","7C-D1-C3-57-5F-EE","100"
"1559030617","7C-D1-C3-57-5F-EE","100"
"1559030677","7C-D1-C3-57-5F-EE","100"
"1559030737","7C-D1-C3-57-5F-EE","100"
"1559030797","7C-D1-C3-57-5F-EE","100"
"1559030858","7C-D1-C3-57-5F-EE","100"
"1559030918","7C-D1-C3-57-5F-EE","100"
"1559030978","7C-D1-C3-57-5F-EE","100"
"1559031038","7C-D1-C3-57-5F-EE","100"
"1559031098","7C-D1-C3-57-5F-EE","100"
"1559031159","7C-D1-C3-57-5F-EE","100"
"1559031219","7C-D1-C3-57-5F-EE","100"
"1559031279","7C-D1-C3-57-5F-EE","100"
"1559031339","7C-D1-C3-57-5F-EE","100"
"1559031400","7C-D1-C3-57-5F-EE","100"
"1559031460","7C-D1-C3-57-5F-EE","100"
"1559031520","7C-D1-C3-57-5F-EE","100"
"1559031580","7C-D1-C3-57-5F-EE","100"
"1559031641","7C-D1-C3-57-5F-EE","100"
"1559031701","7C-D1-C3-57-5F-EE","100"
"1559031761","7C-D1-C3-57-5F-EE","100"
"1559031821","7C-D1-C3-57-5F-EE","100"
"1559031881","7C-D1-C3-57-5F-EE","100"
"1559031942","7C-D1-C3-57-5F-EE","100"
"1559032002","7C-D1-C3-57-5F-EE","100"
"1559032062","7C-D1-C3-57-5F-EE","100"
"1559032122","7C-D1-C3-57-5F-EE","100"
"1559032183","7C-D1-C3-57-5F-EE","100"
"1559032243","7C-D1-C3-57-5F-EE","100"
"1559032303","7C-D1-C3-57-5F-EE","100"
"1559032363","7C-D1-C3-57-5F-EE","100"
"1559032424","7C-D1-C3-57-5F-EE","100"
"1559032484","7C-D1-C3-57-5F-EE","100"
"1559032544","7C-D1-C3-57-5F-EE","100"
"1559032604","7C-D1-C3-57-5F-EE","100"
"1559032665","7C-D1-C3-57-5F-EE","100"
"1559032725","7C-D1-C3-57-5F-EE","100"
"1559032785","7C-D1-C3-57-5F-EE","100"
"1559032845","7C-D1-C3-57-5F-EE","100"
"1559032905","7C-D1-C3-57-5F-EE","100"
"1559032966","7C-D1-C3-57-5F-EE","100"
"1559033026","7C-D1-C3-57-5F-EE","100"
"1559033086","7C-D1-C3-57-5F-EE","100"
"1559033146","7C-D1-C3-57-5F-EE","100"
"1559033207","7C-D1-C3-57-5F-EE","100"
"1559033267","7C-D1-C3-57-5F-EE","100"
"1559033327","7C-D1-C3-57-5F-EE","100"
"1559033387","7C-D1-C3-57-5F-EE","100"
"1559033448","7C-D1-C3-57-5F-EE","100"
"1559033508","7C-D1-C3-57-5F-EE","100"
"1559033568","7C-D1-C3-57-5F-EE","100"
"1559033628","7C-D1-C3-57-5F-EE","100"
"1559033689","7C-D1-C3-57-5F-EE","100"
"1559033749","7C-D1-C3-57-5F-EE","100"
"1559033809","7C-D1-C3-57-5F-EE","100"
"1559033869","7C-D1-C3-57-5F-EE","100"
"1559033930","7C-D1-C3-57-5F-EE","100"
"1559033990","7C-D1-C3-57-5F-EE","100"
"1559034050","7C-D1-C3-57-5F-EE","100"
"1559034110","7C-D1-C3-57-5F-EE","100"
"1559034171","7C-D1-C3-57-5F-EE","100"
"1559034231","7C-D1-C3-57-5F-EE","100"
"1559034291","7C-D1-C3-57-5F-EE","100"
"1559034351","7C-D1-C3-57-5F-EE","100"
"1559034412","7C-D1-C3-57-5F-EE","100"
"1559034472","7C-D1-C3-57-5F-EE","100"
"1559034532","7C-D1-C3-57-5F-EE","100"
"1559034592","7C-D1-C3-57-5F-EE","100"
"1559034653","7C-D1-C3-57-5F-EE","100"
"1559034713","7C-D1-C3-57-5F-EE","100"
"1559034773","7C-D1-C3-57-5F-EE","100"
"1559034833","7C-D1-C3-57-5F-EE","100"
"1559034894","7C-D1-C3-57-5F-EE","100"
"1559034954","7C-D1-C3-57-5F-EE","100"
"1559035014","7C-D1-C3-57-5F-EE","100"
"1559035074","7C-D1-C3-57-5F-EE","100"
"1559035135","7C-D1-C3-57-5F-EE","100"
"1559035195","7C-D1-C3-57-5F-EE","100"
"1559035255","7C-D1-C3-57-5F-EE","100"
"1559035315","7C-D1-C3-57-5F-EE","100"
"1559035376","7C-D1-C3-57-5F-EE","100"
"1559035436","7C-D1-C3-57-5F-EE","100"
"1559035496","7C-D1-C3-57-5F-EE","100"
"1559035556","7C-D1-C3-57-5F-EE","100"
"1559035617","7C-D1-C3-57-5F-EE","100"
"1559035677","7C-D1-C3-57-5F-EE","100"
"1559035737","7C-D1-C3-57-5F-EE","100"
"1559035797","7C-D1-C3-57-5F-EE","100"
"1559035858","7C-D1-C3-57-5F-EE","100"
"1559035918","7C-D1-C3-57-5F-EE","100"
"1559035978","7C-D1-C3-57-5F-EE","100"
"1559036038","7C-D1-C3-57-5F-EE","100"
"1559036099","7C-D1-C3-57-5F-EE","100"
"1559036159","7C-D1-C3-57-5F-EE","100"
"1559036219","7C-D1-C3-57-5F-EE","100"
"1559036279","7C-D1-C3-57-5F-EE","100"
"1559036340","7C-D1-C3-57-5F-EE","100"
"1559036400","7C-D1-C3-57-5F-EE","100"
"1559036460","7C-D1-C3-57-5F-EE","100"
"1559036520","7C-D1-C3-57-5F-EE","100"
"1559036581","7C-D1-C3-57-5F-EE","100"
"1559036641","7C-D1-C3-57-5F-EE","100"
"1559036701","7C-D1-C3-57-5F-EE","100"
"1559036762","7C-D1-C3-57-5F-EE","100"
"1559036822","7C-D1-C3-57-5F-EE","100"
"1559036882","7C-D1-C3-57-5F-EE","100"
"1559036942","7C-D1-C3-57-5F-EE","100"
"1559037003","7C-D1-C3-57-5F-EE","100"
"1559037063","7C-D1-C3-57-5F-EE","100"
"1559037123","7C-D1-C3-57-5F-EE","100"
"1559037183","7C-D1-C3-57-5F-EE","100"
"1559037243","7C-D1-C3-57-5F-EE","100"
"1559037304","7C-D1-C3-57-5F-EE","100"
"1559037364","7C-D1-C3-57-5F-EE","100"
"1559037424","7C-D1-C3-57-5F-EE","100"
"1559037484","7C-D1-C3-57-5F-EE","100"
"1559037545","7C-D1-C3-57-5F-EE","100"
"1559037605","7C-D1-C3-57-5F-EE","100"
"1559037665","7C-D1-C3-57-5F-EE","100"
"1559037725","7C-D1-C3-57-5F-EE","100"
"1559037786","7C-D1-C3-57-5F-EE","100"
"1559037846","7C-D1-C3-57-5F-EE","100"
"1559037906","7C-D1-C3-57-5F-EE","100"
"1559037967","7C-D1-C3-57-5F-EE","100"
"1559038027","7C-D1-C3-57-5F-EE","100"
"1559038087","7C-D1-C3-57-5F-EE","100"
"1559038147","7C-D1-C3-57-5F-EE","100"
"1559038208","7C-D1-C3-57-5F-EE","100"
"1559038268","7C-D1-C3-57-5F-EE","100"
"1559038328","7C-D1-C3-57-5F-EE","100"
"1559038388","7C-D1-C3-57-5F-EE","100"
"1559038449","7C-D1-C3-57-5F-EE","100"
"1559038509","7C-D1-C3-57-5F-EE","100"
"1559038569","7C-D1-C3-57-5F-EE","100"
"1559038629","7C-D1-C3-57-5F-EE","100"
"1559038690","7C-D1-C3-57-5F-EE","100"
"1559038750","7C-D1-C3-57-5F-EE","100"
"1559038810","7C-D1-C3-57-5F-EE","100"
"1559038870","7C-D1-C3-57-5F-EE","100"
"1559038931","7C-D1-C3-57-5F-EE","100"
"1559038991","7C-D1-C3-57-5F-EE","100"
"1559039051","7C-D1-C3-57-5F-EE","100"
"1559039111","7C-D1-C3-57-5F-EE","100"
"1559039171","7C-D1-C3-57-5F-EE","100"
"1559039232","7C-D1-C3-57-5F-EE","100"
"1559039292","7C-D1-C3-57-5F-EE","100"
"1559039352","7C-D1-C3-57-5F-EE","100"
"1559039412","7C-D1-C3-57-5F-EE","100"
"1559039473","7C-D1-C3-57-5F-EE","100"
"1559039533","7C-D1-C3-57-5F-EE","100"
"1559039593","7C-D1-C3-57-5F-EE","100"
"1559039653","7C-D1-C3-57-5F-EE","100"
"1559039714","7C-D1-C3-57-5F-EE","100"
"1559039774","7C-D1-C3-57-5F-EE","100"
"1559039834","7C-D1-C3-57-5F-EE","100"
"1559039894","7C-D1-C3-57-5F-EE","100"
"1559039955","7C-D1-C3-57-5F-EE","100"
"1559040015","7C-D1-C3-57-5F-EE","100"
"1559040075","7C-D1-C3-57-5F-EE","100"
"1559040135","7C-D1-C3-57-5F-EE","100"
"1559040196","7C-D1-C3-57-5F-EE","100"
"1559040256","7C-D1-C3-57-5F-EE","100"
"1559040316","7C-D1-C3-57-5F-EE","100"
"1559040376","7C-D1-C3-57-5F-EE","100"
"1559040437","7C-D1-C3-57-5F-EE","100"
"1559040497","7C-D1-C3-57-5F-EE","100"
"1559040557","7C-D1-C3-57-5F-EE","100"
"1559040617","7C-D1-C3-57-5F-EE","100"
"1559040678","7C-D1-C3-57-5F-EE","100"
"1559040738","7C-D1-C3-57-5F-EE","100"
"1559040798","7C-D1-C3-57-5F-EE","100"
"1559040858","7C-D1-C3-57-5F-EE","100"
"1559040919","7C-D1-C3-57-5F-EE","100"
"1559040979","7C-D1-C3-57-5F-EE","100"
"1559041039","7C-D1-C3-57-5F-EE","100"
"1559041099","7C-D1-C3-57-5F-EE","100"
"1559041160","7C-D1-C3-57-5F-EE","100"
"1559041220","7C-D1-C3-57-5F-EE","100"
"1559041280","7C-D1-C3-57-5F-EE","100"
"1559041340","7C-D1-C3-57-5F-EE","100"
"1559041400","7C-D1-C3-57-5F-EE","100"
"1559041461","7C-D1-C3-57-5F-EE","100"
"1559041521","7C-D1-C3-57-5F-EE","100"
"1559041581","7C-D1-C3-57-5F-EE","100"
"1559041641","7C-D1-C3-57-5F-EE","100"
"1559041702","7C-D1-C3-57-5F-EE","100"
"1559041762","7C-D1-C3-57-5F-EE","100"
"1559041822","7C-D1-C3-57-5F-EE","100"
"1559041882","7C-D1-C3-57-5F-EE","100"
"1559041942","7C-D1-C3-57-5F-EE","100"
"1559042003","7C-D1-C3-57-5F-EE","100"
"1559042063","7C-D1-C3-57-5F-EE","100"
"1559042123","7C-D1-C3-57-5F-EE","100"
"1559042183","7C-D1-C3-57-5F-EE","100"
"1559042244","7C-D1-C3-57-5F-EE","100"
"1559042304","7C-D1-C3-57-5F-EE","100"
"1559042364","7C-D1-C3-57-5F-EE","100"
"1559042424","7C-D1-C3-57-5F-EE","100"
"1559042485","7C-D1-C3-57-5F-EE","100"
"1559042545","7C-D1-C3-57-5F-EE","100"
"1559042605","7C-D1-C3-57-5F-EE","100"
"1559042665","7C-D1-C3-57-5F-EE","100"
"1559042725","7C-D1-C3-57-5F-EE","100"
"1559042786","7C-D1-C3-57-5F-EE","100"
"1559042846","7C-D1-C3-57-5F-EE","100"
"1559042906","7C-D1-C3-57-5F-EE","100"
"1559042966","7C-D1-C3-57-5F-EE","100"
"1559043027","7C-D1-C3-57-5F-EE","100"
"1559043087","7C-D1-C3-57-5F-EE","100"
"1559043147","7C-D1-C3-57-5F-EE","100"
"1559043207","7C-D1-C3-57-5F-EE","100"
"1559043268","7C-D1-C3-57-5F-EE","100"
"1559043328","7C-D1-C3-57-5F-EE","100"
"1559043388","7C-D1-C3-57-5F-EE","100"
"1559043448","7C-D1-C3-57-5F-EE","100"
"1559043509","7C-D1-C3-57-5F-EE","100"
"1559043569","7C-D1-C3-57-5F-EE","100"
"1559043629","7C-D1-C3-57-5F-EE","100"
"1559043689","7C-D1-C3-57-5F-EE","100"
"1559043750","7C-D1-C3-57-5F-EE","100"
"1559043810","7C-D1-C3-57-5F-EE","100"
"1559043870","7C-D1-C3-57-5F-EE","100"
"1559043931","7C-D1-C3-57-5F-EE","100"
"1559043991","7C-D1-C3-57-5F-EE","100"
"1559044051","7C-D1-C3-57-5F-EE","100"
"1559044111","7C-D1-C3-57-5F-EE","100"
"1559044172","7C-D1-C3-57-5F-EE","100"
"1559044232","7C-D1-C3-57-5F-EE","100"
"1559044292","7C-D1-C3-57-5F-EE","100"
"1559044352","7C-D1-C3-57-5F-EE","100"
"1559044413","7C-D1-C3-57-5F-EE","100"
"1559044473","7C-D1-C3-57-5F-EE","100"
"1559044533","7C-D1-C3-57-5F-EE","100"
"1559044593","7C-D1-C3-57-5F-EE","100"
"1559044654","7C-D1-C3-57-5F-EE","100"
"1559044714","7C-D1-C3-57-5F-EE","100"
"1559044774","7C-D1-C3-57-5F-EE","98"
"1559044834","7C-D1-C3-57-5F-EE","98"
"1559044895","7C-D1-C3-57-5F-EE","98"
"1559044955","7C-D1-C3-57-5F-EE","98"
"1559045015","7C-D1-C3-57-5F-EE","98"
"1559045075","7C-D1-C3-57-5F-EE","98"
"1559045136","7C-D1-C3-57-5F-EE","98"
"1559045196","7C-D1-C3-57-5F-EE","98"
"1559045256","7C-D1-C3-57-5F-EE","98"
"1559045317","7C-D1-C3-57-5F-EE","98"
"1559045377","7C-D1-C3-57-5F-EE","98"
"1559045437","7C-D1-C3-57-5F-EE","98"
"1559045497","7C-D1-C3-57-5F-EE","98"
"1559045558","7C-D1-C3-57-5F-EE","98"
"1559045618","7C-D1-C3-57-5F-EE","98"
"1559045678","7C-D1-C3-57-5F-EE","98"
"1559045738","7C-D1-C3-57-5F-EE","98"
"1559045798","7C-D1-C3-57-5F-EE","98"
"1559045859","7C-D1-C3-57-5F-EE","98"
"1559045919","7C-D1-C3-57-5F-EE","98"
"1559045979","7C-D1-C3-57-5F-EE","98"
"1559046039","7C-D1-C3-57-5F-EE","98"
"1559046100","7C-D1-C3-57-5F-EE","98"
"1559046160","7C-D1-C3-57-5F-EE","98"
"1559046220","7C-D1-C3-57-5F-EE","98"
"1559046280","7C-D1-C3-57-5F-EE","98"
"1559046341","7C-D1-C3-57-5F-EE","98"
"1559046401","7C-D1-C3-57-5F-EE","98"
"1559046461","7C-D1-C3-57-5F-EE","98"
"1559046521","7C-D1-C3-57-5F-EE","98"
"1559046582","7C-D1-C3-57-5F-EE","98"
"1559046642","7C-D1-C3-57-5F-EE","98"
"1559046702","7C-D1-C3-57-5F-EE","98"
"1559046762","7C-D1-C3-57-5F-EE","98"
"1559046823","7C-D1-C3-57-5F-EE","98"
"1559046883","7C-D1-C3-57-5F-EE","98"
"1559046943","7C-D1-C3-57-5F-EE","98"
"1559047003","7C-D1-C3-57-5F-EE","98"
"1559047064","7C-D1-C3-57-5F-EE","98"
"1559047124","7C-D1-C3-57-5F-EE","98"
"1559047184","7C-D1-C3-57-5F-EE","98"
"1559047244","7C-D1-C3-57-5F-EE","98"
"1559047305","7C-D1-C3-57-5F-EE","98"
"1559047365","7C-D1-C3-57-5F-EE","98"
"1559047425","7C-D1-C3-57-5F-EE","98"
"1559047485","7C-D1-C3-57-5F-EE","98"
"1559047546","7C-D1-C3-57-5F-EE","98"
"1559047606","7C-D1-C3-57-5F-EE","98"
"1559047666","7C-D1-C3-57-5F-EE","98"
"1559047726","7C-D1-C3-57-5F-EE","98"
"1559047787","7C-D1-C3-57-5F-EE","98"
"1559047847","7C-D1-C3-57-5F-EE","98"
"1559047907","7C-D1-C3-57-5F-EE","98"
"1559047967","7C-D1-C3-57-5F-EE","98"
"1559048028","7C-D1-C3-57-5F-EE","98"
"1559048088","7C-D1-C3-57-5F-EE","98"
"1559048148","7C-D1-C3-57-5F-EE","98"
"1559048208","7C-D1-C3-57-5F-EE","98"
"1559048269","7C-D1-C3-57-5F-EE","98"
"1559048329","7C-D1-C3-57-5F-EE","98"
"1559048389","7C-D1-C3-57-5F-EE","98"
"1559048450","7C-D1-C3-57-5F-EE","98"
"1559048510","7C-D1-C3-57-5F-EE","98"
"1559048570","7C-D1-C3-57-5F-EE","98"
"1559048631","7C-D1-C3-57-5F-EE","98"
"1559048691","7C-D1-C3-57-5F-EE","98"
"1559048751","7C-D1-C3-57-5F-EE","98"
"1559048811","7C-D1-C3-57-5F-EE","98"
"1559048872","7C-D1-C3-57-5F-EE","98"
"1559048932","7C-D1-C3-57-5F-EE","98"
"1559048992","7C-D1-C3-57-5F-EE","98"
"1559049052","7C-D1-C3-57-5F-EE","98"
"1559049113","7C-D1-C3-57-5F-EE","98"
"1559049173","7C-D1-C3-57-5F-EE","98"
"1559049233","7C-D1-C3-57-5F-EE","98"
"1559049294","7C-D1-C3-57-5F-EE","98"
"1559049354","7C-D1-C3-57-5F-EE","98"
"1559049414","7C-D1-C3-57-5F-EE","98"
"1559049474","7C-D1-C3-57-5F-EE","98"
"1559049535","7C-D1-C3-57-5F-EE","98"
"1559049595","7C-D1-C3-57-5F-EE","98"
"1559049655","7C-D1-C3-57-5F-EE","98"
"1559049715","7C-D1-C3-57-5F-EE","98"
"1559049776","7C-D1-C3-57-5F-EE","98"
"1559049836","7C-D1-C3-57-5F-EE","98"
"1559049896","7C-D1-C3-57-5F-EE","98"
"1559049956","7C-D1-C3-57-5F-EE","98"
"1559050017","7C-D1-C3-57-5F-EE","98"
"1559050077","7C-D1-C3-57-5F-EE","98"
"1559050137","7C-D1-C3-57-5F-EE","98"
"1559050197","7C-D1-C3-57-5F-EE","98"
"1559050258","7C-D1-C3-57-5F-EE","98"
"1559050318","7C-D1-C3-57-5F-EE","98"
"1559050378","7C-D1-C3-57-5F-EE","98"
"1559050438","7C-D1-C3-57-5F-EE","98"
"1559050499","7C-D1-C3-57-5F-EE","98"
"1559050559","7C-D1-C3-57-5F-EE","98"
"1559050619","7C-D1-C3-57-5F-EE","98"
"1559050679","7C-D1-C3-57-5F-EE","98"
"1559050740","7C-D1-C3-57-5F-EE","98"
"1559050800","7C-D1-C3-57-5F-EE","98"
"1559050860","7C-D1-C3-57-5F-EE","98"
"1559050920","7C-D1-C3-57-5F-EE","98"
"1559050981","7C-D1-C3-57-5F-EE","98"
"1559051041","7C-D1-C3-57-5F-EE","98"
"1559051101","7C-D1-C3-57-5F-EE","98"
"1559051162","7C-D1-C3-57-5F-EE","98"
"1559051222","7C-D1-C3-57-5F-EE","98"
"1559051282","7C-D1-C3-57-5F-EE","98"
"1559051342","7C-D1-C3-57-5F-EE","98"
"1559051403","7C-D1-C3-57-5F-EE","98"
"1559051463","7C-D1-C3-57-5F-EE","98"
"1559051523","7C-D1-C3-57-5F-EE","98"
"1559051583","7C-D1-C3-57-5F-EE","98"
"1559051643","7C-D1-C3-57-5F-EE","98"
"1559051704","7C-D1-C3-57-5F-EE","98"
"1559051764","7C-D1-C3-57-5F-EE","98"
"1559051824","7C-D1-C3-57-5F-EE","98"
"1559051884","7C-D1-C3-57-5F-EE","98"
"1559051945","7C-D1-C3-57-5F-EE","98"
"1559052005","7C-D1-C3-57-5F-EE","98"
"1559052065","7C-D1-C3-57-5F-EE","98"
"1559052125","7C-D1-C3-57-5F-EE","98"
"1559052186","7C-D1-C3-57-5F-EE","98"
"1559052246","7C-D1-C3-57-5F-EE","98"
"1559052306","7C-D1-C3-57-5F-EE","98"
"1559052366","7C-D1-C3-57-5F-EE","98"
"1559052426","7C-D1-C3-57-5F-EE","98"
"1559052487","7C-D1-C3-57-5F-EE","98"
"1559052547","7C-D1-C3-57-5F-EE","98"
"1559052607","7C-D1-C3-57-5F-EE","98"
"1559052667","7C-D1-C3-57-5F-EE","98"
"1559052728","7C-D1-C3-57-5F-EE","98"
"1559052788","7C-D1-C3-57-5F-EE","98"
"1559052848","7C-D1-C3-57-5F-EE","98"
"1559052908","7C-D1-C3-57-5F-EE","98"
"1559052969","7C-D1-C3-57-5F-EE","98"
"1559053029","7C-D1-C3-57-5F-EE","98"
"1559053089","7C-D1-C3-57-5F-EE","98"
"1559053149","7C-D1-C3-57-5F-EE","98"
"1559053210","7C-D1-C3-57-5F-EE","98"
"1559053270","7C-D1-C3-57-5F-EE","98"
"1559053330","7C-D1-C3-57-5F-EE","98"
"1559053390","7C-D1-C3-57-5F-EE","98"
"1559053451","7C-D1-C3-57-5F-EE","98"
"1559053511","7C-D1-C3-57-5F-EE","98"
"1559053571","7C-D1-C3-57-5F-EE","98"
"1559053632","7C-D1-C3-57-5F-EE","98"
"1559053692","7C-D1-C3-57-5F-EE","98"
"1559053752","7C-D1-C3-57-5F-EE","98"
"1559053812","7C-D1-C3-57-5F-EE","98"
"1559053873","7C-D1-C3-57-5F-EE","98"
"1559053933","7C-D1-C3-57-5F-EE","98"
"1559053993","7C-D1-C3-57-5F-EE","98"
"1559054053","7C-D1-C3-57-5F-EE","98"
"1559054114","7C-D1-C3-57-5F-EE","98"
"1559054174","7C-D1-C3-57-5F-EE","98"
"1559054234","7C-D1-C3-57-5F-EE","98"
"1559054294","7C-D1-C3-57-5F-EE","98"
"1559054355","7C-D1-C3-57-5F-EE","98"
"1559054415","7C-D1-C3-57-5F-EE","98"
"1559054475","7C-D1-C3-57-5F-EE","98"
"1559054536","7C-D1-C3-57-5F-EE","98"
"1559054596","7C-D1-C3-57-5F-EE","98"
"1559054656","7C-D1-C3-57-5F-EE","98"
"1559054717","7C-D1-C3-57-5F-EE","98"
"1559054777","7C-D1-C3-57-5F-EE","98"
"1559054837","7C-D1-C3-57-5F-EE","98"
"1559054897","7C-D1-C3-57-5F-EE","98"
"1559054958","7C-D1-C3-57-5F-EE","98"
"1559055018","7C-D1-C3-57-5F-EE","98"
"1559055078","7C-D1-C3-57-5F-EE","98"
"1559055138","7C-D1-C3-57-5F-EE","98"
"1559055199","7C-D1-C3-57-5F-EE","98"
"1559055259","7C-D1-C3-57-5F-EE","98"
"1559055319","7C-D1-C3-57-5F-EE","98"
"1559055379","7C-D1-C3-57-5F-EE","98"
"1559055440","7C-D1-C3-57-5F-EE","98"
"1559055500","7C-D1-C3-57-5F-EE","98"
"1559055560","7C-D1-C3-57-5F-EE","98"
"1559055621","7C-D1-C3-57-5F-EE","98"
"1559055681","7C-D1-C3-57-5F-EE","98"
"1559055741","7C-D1-C3-57-5F-EE","98"
"1559055802","7C-D1-C3-57-5F-EE","98"
"1559055862","7C-D1-C3-57-5F-EE","98"
"1559055922","7C-D1-C3-57-5F-EE","98"
"1559055982","7C-D1-C3-57-5F-EE","98"
"1559056043","7C-D1-C3-57-5F-EE","98"
"1559056103","7C-D1-C3-57-5F-EE","98"
"1559056163","7C-D1-C3-57-5F-EE","98"
"1559056223","7C-D1-C3-57-5F-EE","98"
"1559056284","7C-D1-C3-57-5F-EE","98"
"1559056344","7C-D1-C3-57-5F-EE","98"
"1559056404","7C-D1-C3-57-5F-EE","98"
"1559056464","7C-D1-C3-57-5F-EE","98"
"1559056524","7C-D1-C3-57-5F-EE","98"
"1559056585","7C-D1-C3-57-5F-EE","98"
"1559056645","7C-D1-C3-57-5F-EE","98"
"1559056705","7C-D1-C3-57-5F-EE","98"
"1559056765","7C-D1-C3-57-5F-EE","98"
"1559056826","7C-D1-C3-57-5F-EE","98"
"1559056886","7C-D1-C3-57-5F-EE","98"
"1559056946","7C-D1-C3-57-5F-EE","98"
"1559057006","7C-D1-C3-57-5F-EE","98"
"1559057067","7C-D1-C3-57-5F-EE","98"
"1559057127","7C-D1-C3-57-5F-EE","98"
"1559057187","7C-D1-C3-57-5F-EE","98"
"1559057247","7C-D1-C3-57-5F-EE","98"
"1559057308","7C-D1-C3-57-5F-EE","98"
"1559057368","7C-D1-C3-57-5F-EE","98"
"1559057428","7C-D1-C3-57-5F-EE","98"
"1559057488","7C-D1-C3-57-5F-EE","98"
"1559057548","7C-D1-C3-57-5F-EE","98"
"1559057609","7C-D1-C3-57-5F-EE","98"
"1559057669","7C-D1-C3-57-5F-EE","98"
"1559057729","7C-D1-C3-57-5F-EE","98"
"1559057789","7C-D1-C3-57-5F-EE","98"
"1559057850","7C-D1-C3-57-5F-EE","98"
"1559057910","7C-D1-C3-57-5F-EE","98"
"1559057970","7C-D1-C3-57-5F-EE","98"
"1559058030","7C-D1-C3-57-5F-EE","98"
"1559058091","7C-D1-C3-57-5F-EE","98"
"1559058151","7C-D1-C3-57-5F-EE","98"
"1559058211","7C-D1-C3-57-5F-EE","98"
"1559058271","7C-D1-C3-57-5F-EE","98"
"1559058332","7C-D1-C3-57-5F-EE","98"
"1559058392","7C-D1-C3-57-5F-EE","98"
"1559058452","7C-D1-C3-57-5F-EE","98"
"1559058512","7C-D1-C3-57-5F-EE","98"
"1559058573","7C-D1-C3-57-5F-EE","98"
"1559058633","7C-D1-C3-57-5F-EE","98"
"1559058693","7C-D1-C3-57-5F-EE","98"
"1559058753","7C-D1-C3-57-5F-EE","98"
"1559058814","7C-D1-C3-57-5F-EE","98"
"1559058874","7C-D1-C3-57-5F-EE","98"
"1559058934","7C-D1-C3-57-5F-EE","98"
"1559058994","7C-D1-C3-57-5F-EE","98"
"1559059055","7C-D1-C3-57-5F-EE","98"
"1559059115","7C-D1-C3-57-5F-EE","98"
"1559059175","7C-D1-C3-57-5F-EE","94"
"1559059235","7C-D1-C3-57-5F-EE","94"
"1559116034","7C-D1-C3-57-5F-EE","94"
"1559116094","7C-D1-C3-57-5F-EE","94"
"1559116155","7C-D1-C3-57-5F-EE","94"
"1559116215","7C-D1-C3-57-5F-EE","94"
"1559116275","7C-D1-C3-57-5F-EE","94"
"1559116335","7C-D1-C3-57-5F-EE","94"
"1559116395","7C-D1-C3-57-5F-EE","94"
"1559116456","7C-D1-C3-57-5F-EE","94"
"1559116516","7C-D1-C3-57-5F-EE","94"
"1559116576","7C-D1-C3-57-5F-EE","94"
"1559116636","7C-D1-C3-57-5F-EE","94"
"1559116697","7C-D1-C3-57-5F-EE","94"
"1559116757","7C-D1-C3-57-5F-EE","94"
"1559116817","7C-D1-C3-57-5F-EE","94"
"1559116877","7C-D1-C3-57-5F-EE","94"
"1559116937","7C-D1-C3-57-5F-EE","94"
"1559116998","7C-D1-C3-57-5F-EE","94"
"1559117058","7C-D1-C3-57-5F-EE","94"
"1559117118","7C-D1-C3-57-5F-EE","94"
"1559117178","7C-D1-C3-57-5F-EE","94"
"1559117239","7C-D1-C3-57-5F-EE","94"
"1559117299","7C-D1-C3-57-5F-EE","94"
"1559117359","7C-D1-C3-57-5F-EE","94"
"1559117419","7C-D1-C3-57-5F-EE","94"
"1559117480","7C-D1-C3-57-5F-EE","94"
"1559117540","7C-D1-C3-57-5F-EE","94"
"1559117600","7C-D1-C3-57-5F-EE","94"
"1559117660","7C-D1-C3-57-5F-EE","94"
"1559117721","7C-D1-C3-57-5F-EE","94"
"1559117781","7C-D1-C3-57-5F-EE","94"
"1559117841","7C-D1-C3-57-5F-EE","94"
"1559117901","7C-D1-C3-57-5F-EE","94"
"1559117962","7C-D1-C3-57-5F-EE","94"
"1559118022","7C-D1-C3-57-5F-EE","94"
"1559118082","7C-D1-C3-57-5F-EE","94"
"1559118142","7C-D1-C3-57-5F-EE","94"
"1559118203","7C-D1-C3-57-5F-EE","94"
"1559118263","7C-D1-C3-57-5F-EE","94"
"1559118323","7C-D1-C3-57-5F-EE","94"
"1559118383","7C-D1-C3-57-5F-EE","94"
"1559118444","7C-D1-C3-57-5F-EE","94"
"1559118504","7C-D1-C3-57-5F-EE","94"
"1559118564","7C-D1-C3-57-5F-EE","94"
"1559118624","7C-D1-C3-57-5F-EE","94"
"1559118685","7C-D1-C3-57-5F-EE","94"
"1559118745","7C-D1-C3-57-5F-EE","94"
"1559118805","7C-D1-C3-57-5F-EE","94"
"1559118865","7C-D1-C3-57-5F-EE","94"
"1559118925","7C-D1-C3-57-5F-EE","94"
"1559118986","7C-D1-C3-57-5F-EE","94"
"1559119046","7C-D1-C3-57-5F-EE","94"
"1559119106","7C-D1-C3-57-5F-EE","94"
"1559119166","7C-D1-C3-57-5F-EE","94"
"1559119227","7C-D1-C3-57-5F-EE","94"
"1559119287","7C-D1-C3-57-5F-EE","94"
"1559119347","7C-D1-C3-57-5F-EE","94"
"1559119407","7C-D1-C3-57-5F-EE","94"
"1559119468","7C-D1-C3-57-5F-EE","94"
"1559119528","7C-D1-C3-57-5F-EE","94"
"1559119588","7C-D1-C3-57-5F-EE","94"
"1559119648","7C-D1-C3-57-5F-EE","94"
"1559119709","7C-D1-C3-57-5F-EE","94"
"1559119769","7C-D1-C3-57-5F-EE","94"
"1559119829","7C-D1-C3-57-5F-EE","94"
"1559119889","7C-D1-C3-57-5F-EE","94"
"1559119950","7C-D1-C3-57-5F-EE","94"
"1559120010","7C-D1-C3-57-5F-EE","94"
"1559120070","7C-D1-C3-57-5F-EE","94"
"1559120130","7C-D1-C3-57-5F-EE","94"
"1559120191","7C-D1-C3-57-5F-EE","94"
"1559120251","7C-D1-C3-57-5F-EE","94"
"1559120311","7C-D1-C3-57-5F-EE","94"
"1559120371","7C-D1-C3-57-5F-EE","94"
"1559120432","7C-D1-C3-57-5F-EE","94"
"1559120492","7C-D1-C3-57-5F-EE","94"
"1559120552","7C-D1-C3-57-5F-EE","94"
"1559120612","7C-D1-C3-57-5F-EE","94"
"1559120673","7C-D1-C3-57-5F-EE","94"
"1559120733","7C-D1-C3-57-5F-EE","94"
"1559120793","7C-D1-C3-57-5F-EE","94"
"1559120853","7C-D1-C3-57-5F-EE","94"
"1559120913","7C-D1-C3-57-5F-EE","94"
"1559120974","7C-D1-C3-57-5F-EE","94"
"1559121034","7C-D1-C3-57-5F-EE","94"
"1559121094","7C-D1-C3-57-5F-EE","94"
"1559121154","7C-D1-C3-57-5F-EE","94"
"1559121215","7C-D1-C3-57-5F-EE","94"
"1559121275","7C-D1-C3-57-5F-EE","94"
"1559121335","7C-D1-C3-57-5F-EE","94"
"1559121395","7C-D1-C3-57-5F-EE","94"
"1559121456","7C-D1-C3-57-5F-EE","94"
"1559121516","7C-D1-C3-57-5F-EE","94"
"1559121576","7C-D1-C3-57-5F-EE","94"
"1559121636","7C-D1-C3-57-5F-EE","94"
"1559121697","7C-D1-C3-57-5F-EE","94"
"1559121757","7C-D1-C3-57-5F-EE","94"
"1559121817","7C-D1-C3-57-5F-EE","94"
"1559121877","7C-D1-C3-57-5F-EE","94"
"1559121938","7C-D1-C3-57-5F-EE","94"
"1559121998","7C-D1-C3-57-5F-EE","94"
"1559122058","7C-D1-C3-57-5F-EE","94"
"1559122118","7C-D1-C3-57-5F-EE","94"
"1559122179","7C-D1-C3-57-5F-EE","94"
"1559122239","7C-D1-C3-57-5F-EE","94"
"1559122299","7C-D1-C3-57-5F-EE","94"
"1559122359","7C-D1-C3-57-5F-EE","94"
"1559122420","7C-D1-C3-57-5F-EE","94"
"1559122480","7C-D1-C3-57-5F-EE","94"
"1559122540","7C-D1-C3-57-5F-EE","94"
"1559122600","7C-D1-C3-57-5F-EE","94"
"1559122661","7C-D1-C3-57-5F-EE","94"
"1559122721","7C-D1-C3-57-5F-EE","94"
"1559122781","7C-D1-C3-57-5F-EE","94"
"1559122841","7C-D1-C3-57-5F-EE","94"
"1559122902","7C-D1-C3-57-5F-EE","94"
"1559122962","7C-D1-C3-57-5F-EE","94"
"1559123022","7C-D1-C3-57-5F-EE","94"
"1559123082","7C-D1-C3-57-5F-EE","94"
"1559123142","7C-D1-C3-57-5F-EE","94"
"1559123203","7C-D1-C3-57-5F-EE","94"
"1559123263","7C-D1-C3-57-5F-EE","94"
"1559123323","7C-D1-C3-57-5F-EE","94"
"1559123383","7C-D1-C3-57-5F-EE","94"
"1559123444","7C-D1-C3-57-5F-EE","94"
"1559123504","7C-D1-C3-57-5F-EE","94"
"1559123564","7C-D1-C3-57-5F-EE","94"
"1559123624","7C-D1-C3-57-5F-EE","94"
"1559123685","7C-D1-C3-57-5F-EE","94"
"1559123745","7C-D1-C3-57-5F-EE","94"
"1559123805","7C-D1-C3-57-5F-EE","94"
"1559123865","7C-D1-C3-57-5F-EE","94"
"1559123925","7C-D1-C3-57-5F-EE","94"
"1559123986","7C-D1-C3-57-5F-EE","94"
"1559124046","7C-D1-C3-57-5F-EE","94"
"1559124106","7C-D1-C3-57-5F-EE","94"
"1559124166","7C-D1-C3-57-5F-EE","94"
"1559124227","7C-D1-C3-57-5F-EE","94"
"1559124287","7C-D1-C3-57-5F-EE","94"
"1559124347","7C-D1-C3-57-5F-EE","94"
"1559124407","7C-D1-C3-57-5F-EE","94"
"1559124468","7C-D1-C3-57-5F-EE","94"
"1559124528","7C-D1-C3-57-5F-EE","94"
"1559124588","7C-D1-C3-57-5F-EE","94"
"1559124648","7C-D1-C3-57-5F-EE","94"
"1559124709","7C-D1-C3-57-5F-EE","94"
"1559124769","7C-D1-C3-57-5F-EE","94"
"1559124829","7C-D1-C3-57-5F-EE","94"
"1559124889","7C-D1-C3-57-5F-EE","94"
"1559124950","7C-D1-C3-57-5F-EE","94"
"1559125010","7C-D1-C3-57-5F-EE","94"
"1559125070","7C-D1-C3-57-5F-EE","94"
"1559125130","7C-D1-C3-57-5F-EE","94"
"1559125191","7C-D1-C3-57-5F-EE","94"
"1559125251","7C-D1-C3-57-5F-EE","94"
"1559125311","7C-D1-C3-57-5F-EE","94"
"1559125371","7C-D1-C3-57-5F-EE","94"
"1559125432","7C-D1-C3-57-5F-EE","94"
"1559125492","7C-D1-C3-57-5F-EE","94"
"1559125552","7C-D1-C3-57-5F-EE","94"
"1559125612","7C-D1-C3-57-5F-EE","94"
"1559125672","7C-D1-C3-57-5F-EE","94"
"1559125733","7C-D1-C3-57-5F-EE","94"
"1559125793","7C-D1-C3-57-5F-EE","94"
"1559125853","7C-D1-C3-57-5F-EE","94"
"1559125913","7C-D1-C3-57-5F-EE","94"
"1559125974","7C-D1-C3-57-5F-EE","94"
"1559126034","7C-D1-C3-57-5F-EE","94"
"1559126094","7C-D1-C3-57-5F-EE","94"
"1559126154","7C-D1-C3-57-5F-EE","94"
"1559126214","7C-D1-C3-57-5F-EE","94"
"1559126275","7C-D1-C3-57-5F-EE","94"
"1559126335","7C-D1-C3-57-5F-EE","94"
"1559126395","7C-D1-C3-57-5F-EE","94"
"1559126455","7C-D1-C3-57-5F-EE","94"
"1559126516","7C-D1-C3-57-5F-EE","94"
"1559126576","7C-D1-C3-57-5F-EE","94"
"1559126636","7C-D1-C3-57-5F-EE","94"
"1559126696","7C-D1-C3-57-5F-EE","94"
"1559126757","7C-D1-C3-57-5F-EE","94"
"1559126817","7C-D1-C3-57-5F-EE","94"
"1559126877","7C-D1-C3-57-5F-EE","94"
"1559126937","7C-D1-C3-57-5F-EE","94"
"1559126997","7C-D1-C3-57-5F-EE","94"
"1559127058","7C-D1-C3-57-5F-EE","94"
"1559127118","7C-D1-C3-57-5F-EE","94"
"1559127178","7C-D1-C3-57-5F-EE","94"
"1559127239","7C-D1-C3-57-5F-EE","94"
"1559127299","7C-D1-C3-57-5F-EE","94"
"1559127359","7C-D1-C3-57-5F-EE","94"
"1559127419","7C-D1-C3-57-5F-EE","94"
"1559127479","7C-D1-C3-57-5F-EE","94"
"1559127540","7C-D1-C3-57-5F-EE","94"
"1559127600","7C-D1-C3-57-5F-EE","94"
"1559127660","7C-D1-C3-57-5F-EE","94"
"1559127720","7C-D1-C3-57-5F-EE","94"
"1559127781","7C-D1-C3-57-5F-EE","94"
"1559127841","7C-D1-C3-57-5F-EE","94"
"1559127901","7C-D1-C3-57-5F-EE","94"
"1559127961","7C-D1-C3-57-5F-EE","94"
"1559128022","7C-D1-C3-57-5F-EE","94"
"1559128082","7C-D1-C3-57-5F-EE","94"
"1559128142","7C-D1-C3-57-5F-EE","94"
"1559128202","7C-D1-C3-57-5F-EE","94"
"1559128263","7C-D1-C3-57-5F-EE","94"
"1559128323","7C-D1-C3-57-5F-EE","94"
"1559128383","7C-D1-C3-57-5F-EE","94"
"1559128443","7C-D1-C3-57-5F-EE","94"
"1559128504","7C-D1-C3-57-5F-EE","94"
"1559128564","7C-D1-C3-57-5F-EE","94"
"1559128624","7C-D1-C3-57-5F-EE","94"
"1559128684","7C-D1-C3-57-5F-EE","94"
"1559128745","7C-D1-C3-57-5F-EE","94"
"1559128805","7C-D1-C3-57-5F-EE","94"
"1559128865","7C-D1-C3-57-5F-EE","94"
"1559128925","7C-D1-C3-57-5F-EE","94"
"1559128985","7C-D1-C3-57-5F-EE","94"
"1559129046","7C-D1-C3-57-5F-EE","94"
"1559129106","7C-D1-C3-57-5F-EE","94"
"1559129166","7C-D1-C3-57-5F-EE","94"
"1559129226","7C-D1-C3-57-5F-EE","94"
"1559129287","7C-D1-C3-57-5F-EE","94"
"1559129347","7C-D1-C3-57-5F-EE","94"
"1559129407","7C-D1-C3-57-5F-EE","94"
"1559129467","7C-D1-C3-57-5F-EE","94"
"1559129528","7C-D1-C3-57-5F-EE","94"
"1559129588","7C-D1-C3-57-5F-EE","94"
"1559129648","7C-D1-C3-57-5F-EE","94"
"1559129708","7C-D1-C3-57-5F-EE","94"
"1559129769","7C-D1-C3-57-5F-EE","94"
"1559129829","7C-D1-C3-57-5F-EE","94"
"1559129889","7C-D1-C3-57-5F-EE","94"
"1559129949","7C-D1-C3-57-5F-EE","94"
"1559130010","7C-D1-C3-57-5F-EE","94"
"1559130070","7C-D1-C3-57-5F-EE","94"
"1559130130","7C-D1-C3-57-5F-EE","94"
"1559130190","7C-D1-C3-57-5F-EE","94"
"1559130250","7C-D1-C3-57-5F-EE","94"
"1559130311","7C-D1-C3-57-5F-EE","94"
"1559130371","7C-D1-C3-57-5F-EE","94"
"1559130431","7C-D1-C3-57-5F-EE","94"
"1559130492","7C-D1-C3-57-5F-EE","91"
"1559130552","7C-D1-C3-57-5F-EE","91"
"1559130612","7C-D1-C3-57-5F-EE","91"
"1559130672","7C-D1-C3-57-5F-EE","91"
"1559130733","7C-D1-C3-57-5F-EE","91"
"1559130793","7C-D1-C3-57-5F-EE","91"
"1559130853","7C-D1-C3-57-5F-EE","91"
"1559130913","7C-D1-C3-57-5F-EE","91"
"1559130974","7C-D1-C3-57-5F-EE","91"
"1559131034","7C-D1-C3-57-5F-EE","91"
"1559131094","7C-D1-C3-57-5F-EE","91"
"1559131154","7C-D1-C3-57-5F-EE","91"
"1559131215","7C-D1-C3-57-5F-EE","91"
"1559131275","7C-D1-C3-57-5F-EE","91"
"1559131335","7C-D1-C3-57-5F-EE","91"
"1559131395","7C-D1-C3-57-5F-EE","91"
"1559131456","7C-D1-C3-57-5F-EE","91"
"1559131516","7C-D1-C3-57-5F-EE","91"
"1559131576","7C-D1-C3-57-5F-EE","91"
"1559131636","7C-D1-C3-57-5F-EE","91"
"1559131696","7C-D1-C3-57-5F-EE","91"
"1559131757","7C-D1-C3-57-5F-EE","91"
"1559131817","7C-D1-C3-57-5F-EE","91"
"1559131877","7C-D1-C3-57-5F-EE","91"
"1559131938","7C-D1-C3-57-5F-EE","91"
"1559131998","7C-D1-C3-57-5F-EE","91"
"1559132058","7C-D1-C3-57-5F-EE","91"
"1559132118","7C-D1-C3-57-5F-EE","91"
"1559132179","7C-D1-C3-57-5F-EE","91"
"1559132239","7C-D1-C3-57-5F-EE","91"
"1559132299","7C-D1-C3-57-5F-EE","91"
"1559132359","7C-D1-C3-57-5F-EE","91"
"1559132420","7C-D1-C3-57-5F-EE","91"
"1559132480","7C-D1-C3-57-5F-EE","91"
"1559132540","7C-D1-C3-57-5F-EE","91"
"1559132600","7C-D1-C3-57-5F-EE","91"
"1559132661","7C-D1-C3-57-5F-EE","91"
"1559132721","7C-D1-C3-57-5F-EE","91"
"1559132781","7C-D1-C3-57-5F-EE","91"
"1559132841","7C-D1-C3-57-5F-EE","91"
"1559132902","7C-D1-C3-57-5F-EE","91"
"1559132962","7C-D1-C3-57-5F-EE","91"
"1559133022","7C-D1-C3-57-5F-EE","91"
"1559133082","7C-D1-C3-57-5F-EE","91"
"1559133143","7C-D1-C3-57-5F-EE","91"
"1559133203","7C-D1-C3-57-5F-EE","91"
"1559133263","7C-D1-C3-57-5F-EE","91"
"1559133323","7C-D1-C3-57-5F-EE","91"
"1559133384","7C-D1-C3-57-5F-EE","91"
"1559133444","7C-D1-C3-57-5F-EE","91"
"1559133504","7C-D1-C3-57-5F-EE","91"
"1559133564","7C-D1-C3-57-5F-EE","91"
"1559133625","7C-D1-C3-57-5F-EE","91"
"1559133685","7C-D1-C3-57-5F-EE","91"
"1559133745","7C-D1-C3-57-5F-EE","91"
"1559133806","7C-D1-C3-57-5F-EE","91"
"1559133866","7C-D1-C3-57-5F-EE","91"
"1559133926","7C-D1-C3-57-5F-EE","91"
"1559133987","7C-D1-C3-57-5F-EE","91"
"1559134047","7C-D1-C3-57-5F-EE","91"
"1559134107","7C-D1-C3-57-5F-EE","91"
"1559134167","7C-D1-C3-57-5F-EE","91"
"1559134228","7C-D1-C3-57-5F-EE","91"
"1559134288","7C-D1-C3-57-5F-EE","91"
"1559134348","7C-D1-C3-57-5F-EE","91"
"1559134408","7C-D1-C3-57-5F-EE","91"
"1559134469","7C-D1-C3-57-5F-EE","91"
"1559134529","7C-D1-C3-57-5F-EE","91"
"1559134589","7C-D1-C3-57-5F-EE","91"
"1559134649","7C-D1-C3-57-5F-EE","91"
"1559134710","7C-D1-C3-57-5F-EE","91"
"1559134770","7C-D1-C3-57-5F-EE","91"
"1559134830","7C-D1-C3-57-5F-EE","91"
"1559134890","7C-D1-C3-57-5F-EE","91"
"1559134951","7C-D1-C3-57-5F-EE","91"
"1559135011","7C-D1-C3-57-5F-EE","91"
"1559135071","7C-D1-C3-57-5F-EE","91"
"1559135132","7C-D1-C3-57-5F-EE","91"
"1559135192","7C-D1-C3-57-5F-EE","91"
"1559135252","7C-D1-C3-57-5F-EE","91"
"1559135313","7C-D1-C3-57-5F-EE","91"
"1559135373","7C-D1-C3-57-5F-EE","91"
"1559135433","7C-D1-C3-57-5F-EE","91"
"1559135493","7C-D1-C3-57-5F-EE","91"
"1559135553","7C-D1-C3-57-5F-EE","91"
"1559135614","7C-D1-C3-57-5F-EE","91"
"1559135674","7C-D1-C3-57-5F-EE","91"
"1559135734","7C-D1-C3-57-5F-EE","91"
"1559135795","7C-D1-C3-57-5F-EE","91"
"1559135855","7C-D1-C3-57-5F-EE","91"
"1559135915","7C-D1-C3-57-5F-EE","91"
"1559135975","7C-D1-C3-57-5F-EE","91"
"1559136035","7C-D1-C3-57-5F-EE","91"
"1559136096","7C-D1-C3-57-5F-EE","91"
"1559136156","7C-D1-C3-57-5F-EE","91"
"1559136216","7C-D1-C3-57-5F-EE","91"
"1559136276","7C-D1-C3-57-5F-EE","91"
"1559136337","7C-D1-C3-57-5F-EE","91"
"1559136397","7C-D1-C3-57-5F-EE","91"
"1559136457","7C-D1-C3-57-5F-EE","91"
"1559136517","7C-D1-C3-57-5F-EE","91"
"1559136578","7C-D1-C3-57-5F-EE","91"
"1559136638","7C-D1-C3-57-5F-EE","91"
"1559136698","7C-D1-C3-57-5F-EE","91"
"1559136758","7C-D1-C3-57-5F-EE","91"
"1559136818","7C-D1-C3-57-5F-EE","91"
"1559136879","7C-D1-C3-57-5F-EE","91"
"1559136939","7C-D1-C3-57-5F-EE","91"
"1559136999","7C-D1-C3-57-5F-EE","91"
"1559137059","7C-D1-C3-57-5F-EE","91"
"1559137120","7C-D1-C3-57-5F-EE","91"
"1559137180","7C-D1-C3-57-5F-EE","91"
"1559137240","7C-D1-C3-57-5F-EE","91"
"1559137300","7C-D1-C3-57-5F-EE","91"
"1559137361","7C-D1-C3-57-5F-EE","91"
"1559137421","7C-D1-C3-57-5F-EE","91"
"1559137481","7C-D1-C3-57-5F-EE","91"
"1559137541","7C-D1-C3-57-5F-EE","91"
"1559137602","7C-D1-C3-57-5F-EE","91"
"1559137662","7C-D1-C3-57-5F-EE","91"
"1559137722","7C-D1-C3-57-5F-EE","91"
"1559137782","7C-D1-C3-57-5F-EE","91"
"1559137843","7C-D1-C3-57-5F-EE","91"
"1559137903","7C-D1-C3-57-5F-EE","91"
"1559137963","7C-D1-C3-57-5F-EE","91"
"1559138023","7C-D1-C3-57-5F-EE","91"
"1559138084","7C-D1-C3-57-5F-EE","91"
"1559138144","7C-D1-C3-57-5F-EE","91"
"1559138204","7C-D1-C3-57-5F-EE","91"
"1559138264","7C-D1-C3-57-5F-EE","91"
"1559138325","7C-D1-C3-57-5F-EE","91"
"1559138385","7C-D1-C3-57-5F-EE","91"
"1559138445","7C-D1-C3-57-5F-EE","91"
"1559138505","7C-D1-C3-57-5F-EE","91"
"1559138565","7C-D1-C3-57-5F-EE","91"
"1559138626","7C-D1-C3-57-5F-EE","91"
"1559138686","7C-D1-C3-57-5F-EE","91"
"1559138746","7C-D1-C3-57-5F-EE","91"
"1559138806","7C-D1-C3-57-5F-EE","91"
"1559138867","7C-D1-C3-57-5F-EE","91"
"1559138927","7C-D1-C3-57-5F-EE","91"
"1559138987","7C-D1-C3-57-5F-EE","91"
"1559139047","7C-D1-C3-57-5F-EE","91"
"1559139108","7C-D1-C3-57-5F-EE","91"
"1559139168","7C-D1-C3-57-5F-EE","91"
"1559139228","7C-D1-C3-57-5F-EE","91"
"1559139288","7C-D1-C3-57-5F-EE","91"
"1559139349","7C-D1-C3-57-5F-EE","91"
"1559139409","7C-D1-C3-57-5F-EE","91"
"1559139469","7C-D1-C3-57-5F-EE","91"
"1559139529","7C-D1-C3-57-5F-EE","91"
"1559139590","7C-D1-C3-57-5F-EE","91"
"1559139650","7C-D1-C3-57-5F-EE","91"
"1559139710","7C-D1-C3-57-5F-EE","91"
"1559139770","7C-D1-C3-57-5F-EE","91"
"1559139831","7C-D1-C3-57-5F-EE","91"
"1559139891","7C-D1-C3-57-5F-EE","91"
"1559139951","7C-D1-C3-57-5F-EE","91"
"1559140011","7C-D1-C3-57-5F-EE","91"
"1559140072","7C-D1-C3-57-5F-EE","91"
"1559140132","7C-D1-C3-57-5F-EE","91"
"1559140192","7C-D1-C3-57-5F-EE","91"
"1559140252","7C-D1-C3-57-5F-EE","91"
"1559140312","7C-D1-C3-57-5F-EE","91"
"1559140373","7C-D1-C3-57-5F-EE","91"
"1559140433","7C-D1-C3-57-5F-EE","91"
"1559140493","7C-D1-C3-57-5F-EE","91"
"1559140553","7C-D1-C3-57-5F-EE","91"
"1559140614","7C-D1-C3-57-5F-EE","91"
"1559140674","7C-D1-C3-57-5F-EE","91"
"1559140734","7C-D1-C3-57-5F-EE","91"
"1559140794","7C-D1-C3-57-5F-EE","91"
"1559140855","7C-D1-C3-57-5F-EE","91"
"1559140915","7C-D1-C3-57-5F-EE","91"
"1559140975","7C-D1-C3-57-5F-EE","91"
"1559141036","7C-D1-C3-57-5F-EE","91"
"1559141096","7C-D1-C3-57-5F-EE","91"
"1559141156","7C-D1-C3-57-5F-EE","91"
"1559141216","7C-D1-C3-57-5F-EE","91"
"1559141277","7C-D1-C3-57-5F-EE","91"
"1559141337","7C-D1-C3-57-5F-EE","91"
"1559141397","7C-D1-C3-57-5F-EE","91"
"1559141457","7C-D1-C3-57-5F-EE","91"
"1559141518","7C-D1-C3-57-5F-EE","91"
"1559141578","7C-D1-C3-57-5F-EE","91"
"1559141638","7C-D1-C3-57-5F-EE","91"
"1559141699","7C-D1-C3-57-5F-EE","91"
"1559141759","7C-D1-C3-57-5F-EE","91"
"1559141819","7C-D1-C3-57-5F-EE","91"
"1559141879","7C-D1-C3-57-5F-EE","91"
"1559141940","7C-D1-C3-57-5F-EE","91"
"1559142000","7C-D1-C3-57-5F-EE","91"
"1559142060","7C-D1-C3-57-5F-EE","91"
"1559142120","7C-D1-C3-57-5F-EE","91"
"1559142181","7C-D1-C3-57-5F-EE","91"
"1559142241","7C-D1-C3-57-5F-EE","91"
"1559142301","7C-D1-C3-57-5F-EE","91"
"1559142361","7C-D1-C3-57-5F-EE","91"
"1559142422","7C-D1-C3-57-5F-EE","91"
"1559142482","7C-D1-C3-57-5F-EE","91"
"1559142542","7C-D1-C3-57-5F-EE","91"
"1559142602","7C-D1-C3-57-5F-EE","91"
"1559142663","7C-D1-C3-57-5F-EE","91"
"1559142723","7C-D1-C3-57-5F-EE","91"
"1559142783","7C-D1-C3-57-5F-EE","91"
"1559142843","7C-D1-C3-57-5F-EE","91"
"1559142904","7C-D1-C3-57-5F-EE","91"
"1559142964","7C-D1-C3-57-5F-EE","91"
"1559143024","7C-D1-C3-57-5F-EE","91"
"1559143084","7C-D1-C3-57-5F-EE","91"
"1559143145","7C-D1-C3-57-5F-EE","91"
"1559143205","7C-D1-C3-57-5F-EE","91"
"1559143265","7C-D1-C3-57-5F-EE","91"
"1559143325","7C-D1-C3-57-5F-EE","91"
"1559143386","7C-D1-C3-57-5F-EE","91"
"1559143446","7C-D1-C3-57-5F-EE","91"
"1559143506","7C-D1-C3-57-5F-EE","91"
"1559143566","7C-D1-C3-57-5F-EE","91"
"1559143626","7C-D1-C3-57-5F-EE","91"
"1559143687","7C-D1-C3-57-5F-EE","91"
"1559143747","7C-D1-C3-57-5F-EE","91"
"1559143808","7C-D1-C3-57-5F-EE","91"
"1559143868","7C-D1-C3-57-5F-EE","91"
"1559143928","7C-D1-C3-57-5F-EE","91"
"1559143988","7C-D1-C3-57-5F-EE","91"
"1559144049","7C-D1-C3-57-5F-EE","91"
"1559144109","7C-D1-C3-57-5F-EE","91"
"1559144169","7C-D1-C3-57-5F-EE","91"
"1559144229","7C-D1-C3-57-5F-EE","91"
"1559144289","7C-D1-C3-57-5F-EE","91"
"1559144350","7C-D1-C3-57-5F-EE","91"
"1559144410","7C-D1-C3-57-5F-EE","91"
"1559144470","7C-D1-C3-57-5F-EE","91"
"1559144530","7C-D1-C3-57-5F-EE","91"
"1559144591","7C-D1-C3-57-5F-EE","91"
"1559144651","7C-D1-C3-57-5F-EE","91"
"1559144711","7C-D1-C3-57-5F-EE","91"
"1559144771","7C-D1-C3-57-5F-EE","91"
"1559144832","7C-D1-C3-57-5F-EE","91"
"1559144892","7C-D1-C3-57-5F-EE","89"
"1559144952","7C-D1-C3-57-5F-EE","89"
"1559145012","7C-D1-C3-57-5F-EE","89"
"1559145073","7C-D1-C3-57-5F-EE","89"
"1559145133","7C-D1-C3-57-5F-EE","89"
"1559145193","7C-D1-C3-57-5F-EE","89"
"1559145253","7C-D1-C3-57-5F-EE","89"
"1559145314","7C-D1-C3-57-5F-EE","89"
"1559145374","7C-D1-C3-57-5F-EE","89"
"1559145434","7C-D1-C3-57-5F-EE","89"
"1559145494","7C-D1-C3-57-5F-EE","89"
"1559145555","7C-D1-C3-57-5F-EE","89"
"1559200968","7C-D1-C3-57-5F-EE","89"
"1559201028","7C-D1-C3-57-5F-EE","89"
"1559201088","7C-D1-C3-57-5F-EE","89"
"1559201149","7C-D1-C3-57-5F-EE","89"
"1559201209","7C-D1-C3-57-5F-EE","89"
"1559201269","7C-D1-C3-57-5F-EE","89"
"1559201329","7C-D1-C3-57-5F-EE","89"
"1559201390","7C-D1-C3-57-5F-EE","89"
"1559201450","7C-D1-C3-57-5F-EE","89"
"1559201510","7C-D1-C3-57-5F-EE","89"
"1559201570","7C-D1-C3-57-5F-EE","89"
"1559201631","7C-D1-C3-57-5F-EE","89"
"1559201691","7C-D1-C3-57-5F-EE","89"
"1559201751","7C-D1-C3-57-5F-EE","89"
"1559201811","7C-D1-C3-57-5F-EE","89"
"1559201871","7C-D1-C3-57-5F-EE","89"
"1559201932","7C-D1-C3-57-5F-EE","89"
"1559201992","7C-D1-C3-57-5F-EE","89"
"1559202052","7C-D1-C3-57-5F-EE","89"
"1559202112","7C-D1-C3-57-5F-EE","89"
"1559202173","7C-D1-C3-57-5F-EE","89"
"1559202233","7C-D1-C3-57-5F-EE","89"
"1559202293","7C-D1-C3-57-5F-EE","89"
"1559202353","7C-D1-C3-57-5F-EE","89"
"1559202414","7C-D1-C3-57-5F-EE","89"
"1559202474","7C-D1-C3-57-5F-EE","89"
"1559202534","7C-D1-C3-57-5F-EE","89"
"1559202594","7C-D1-C3-57-5F-EE","89"
"1559202655","7C-D1-C3-57-5F-EE","89"
"1559202715","7C-D1-C3-57-5F-EE","89"
"1559202775","7C-D1-C3-57-5F-EE","89"
"1559202835","7C-D1-C3-57-5F-EE","89"
"1559202896","7C-D1-C3-57-5F-EE","89"
"1559202956","7C-D1-C3-57-5F-EE","89"
"1559203016","7C-D1-C3-57-5F-EE","89"
"1559203076","7C-D1-C3-57-5F-EE","89"
"1559203137","7C-D1-C3-57-5F-EE","89"
"1559203197","7C-D1-C3-57-5F-EE","89"
"1559203257","7C-D1-C3-57-5F-EE","89"
"1559203317","7C-D1-C3-57-5F-EE","89"
"1559203378","7C-D1-C3-57-5F-EE","89"
"1559203438","7C-D1-C3-57-5F-EE","89"
"1559203498","7C-D1-C3-57-5F-EE","89"
"1559203558","7C-D1-C3-57-5F-EE","89"
"1559203619","7C-D1-C3-57-5F-EE","89"
"1559203679","7C-D1-C3-57-5F-EE","89"
"1559203739","7C-D1-C3-57-5F-EE","89"
"1559203799","7C-D1-C3-57-5F-EE","89"
"1559203859","7C-D1-C3-57-5F-EE","89"
"1559203920","7C-D1-C3-57-5F-EE","89"
"1559203980","7C-D1-C3-57-5F-EE","89"
"1559204040","7C-D1-C3-57-5F-EE","89"
"1559204100","7C-D1-C3-57-5F-EE","89"
"1559204161","7C-D1-C3-57-5F-EE","89"
"1559204221","7C-D1-C3-57-5F-EE","89"
"1559204281","7C-D1-C3-57-5F-EE","89"
"1559204341","7C-D1-C3-57-5F-EE","89"
"1559204402","7C-D1-C3-57-5F-EE","89"
"1559204462","7C-D1-C3-57-5F-EE","89"
"1559204522","7C-D1-C3-57-5F-EE","89"
"1559204582","7C-D1-C3-57-5F-EE","89"
"1559204642","7C-D1-C3-57-5F-EE","89"
"1559204703","7C-D1-C3-57-5F-EE","89"
"1559204763","7C-D1-C3-57-5F-EE","89"
"1559204823","7C-D1-C3-57-5F-EE","89"
"1559204883","7C-D1-C3-57-5F-EE","89"
"1559204944","7C-D1-C3-57-5F-EE","89"
"1559205004","7C-D1-C3-57-5F-EE","89"
"1559205064","7C-D1-C3-57-5F-EE","89"
"1559205124","7C-D1-C3-57-5F-EE","89"
"1559205185","7C-D1-C3-57-5F-EE","89"
"1559205245","7C-D1-C3-57-5F-EE","89"
"1559205306","7C-D1-C3-57-5F-EE","89"
"1559205366","7C-D1-C3-57-5F-EE","89"
"1559205426","7C-D1-C3-57-5F-EE","89"
"1559205486","7C-D1-C3-57-5F-EE","89"
"1559205546","7C-D1-C3-57-5F-EE","89"
"1559205607","7C-D1-C3-57-5F-EE","89"
"1559205667","7C-D1-C3-57-5F-EE","89"
"1559205727","7C-D1-C3-57-5F-EE","89"
"1559205787","7C-D1-C3-57-5F-EE","89"
"1559205847","7C-D1-C3-57-5F-EE","89"
"1559205908","7C-D1-C3-57-5F-EE","89"
"1559205968","7C-D1-C3-57-5F-EE","89"
"1559206028","7C-D1-C3-57-5F-EE","89"
"1559206088","7C-D1-C3-57-5F-EE","89"
"1559206149","7C-D1-C3-57-5F-EE","89"
"1559206209","7C-D1-C3-57-5F-EE","89"
"1559206269","7C-D1-C3-57-5F-EE","89"
"1559206329","7C-D1-C3-57-5F-EE","89"
"1559206389","7C-D1-C3-57-5F-EE","89"
"1559206450","7C-D1-C3-57-5F-EE","89"
"1559206510","7C-D1-C3-57-5F-EE","89"
"1559206570","7C-D1-C3-57-5F-EE","89"
"1559206630","7C-D1-C3-57-5F-EE","89"
"1559206691","7C-D1-C3-57-5F-EE","89"
"1559206751","7C-D1-C3-57-5F-EE","89"
"1559206811","7C-D1-C3-57-5F-EE","89"
"1559206871","7C-D1-C3-57-5F-EE","89"
"1559206932","7C-D1-C3-57-5F-EE","89"
"1559206992","7C-D1-C3-57-5F-EE","89"
"1559207052","7C-D1-C3-57-5F-EE","89"
"1559207112","7C-D1-C3-57-5F-EE","89"
"1559207173","7C-D1-C3-57-5F-EE","89"
"1559207233","7C-D1-C3-57-5F-EE","89"
"1559207293","7C-D1-C3-57-5F-EE","89"
"1559207354","7C-D1-C3-57-5F-EE","89"
"1559207414","7C-D1-C3-57-5F-EE","89"
"1559207474","7C-D1-C3-57-5F-EE","89"
"1559207534","7C-D1-C3-57-5F-EE","89"
"1559207595","7C-D1-C3-57-5F-EE","89"
"1559207655","7C-D1-C3-57-5F-EE","89"
"1559207715","7C-D1-C3-57-5F-EE","89"
"1559207775","7C-D1-C3-57-5F-EE","89"
"1559207836","7C-D1-C3-57-5F-EE","89"
"1559207896","7C-D1-C3-57-5F-EE","89"
"1559207956","7C-D1-C3-57-5F-EE","89"
"1559208016","7C-D1-C3-57-5F-EE","89"
"1559208077","7C-D1-C3-57-5F-EE","89"
"1559208137","7C-D1-C3-57-5F-EE","89"
"1559208197","7C-D1-C3-57-5F-EE","89"
"1559208257","7C-D1-C3-57-5F-EE","89"
"1559208318","7C-D1-C3-57-5F-EE","89"
"1559208378","7C-D1-C3-57-5F-EE","89"
"1559208439","7C-D1-C3-57-5F-EE","89"
"1559208499","7C-D1-C3-57-5F-EE","89"
"1559208559","7C-D1-C3-57-5F-EE","89"
"1559208619","7C-D1-C3-57-5F-EE","89"
"1559208680","7C-D1-C3-57-5F-EE","89"
"1559208740","7C-D1-C3-57-5F-EE","89"
"1559208800","7C-D1-C3-57-5F-EE","89"
"1559208860","7C-D1-C3-57-5F-EE","89"
"1559208921","7C-D1-C3-57-5F-EE","89"
"1559208981","7C-D1-C3-57-5F-EE","89"
"1559209041","7C-D1-C3-57-5F-EE","89"
"1559209101","7C-D1-C3-57-5F-EE","89"
"1559209162","7C-D1-C3-57-5F-EE","89"
"1559209222","7C-D1-C3-57-5F-EE","89"
"1559209282","7C-D1-C3-57-5F-EE","89"
"1559209343","7C-D1-C3-57-5F-EE","89"
"1559209403","7C-D1-C3-57-5F-EE","89"
"1559209463","7C-D1-C3-57-5F-EE","89"
"1559209523","7C-D1-C3-57-5F-EE","89"
"1559209584","7C-D1-C3-57-5F-EE","89"
"1559209644","7C-D1-C3-57-5F-EE","89"
"1559209704","7C-D1-C3-57-5F-EE","89"
"1559209765","7C-D1-C3-57-5F-EE","89"
"1559209825","7C-D1-C3-57-5F-EE","89"
"1559209885","7C-D1-C3-57-5F-EE","89"
"1559209945","7C-D1-C3-57-5F-EE","89"
"1559210006","7C-D1-C3-57-5F-EE","89"
"1559210066","7C-D1-C3-57-5F-EE","89"
"1559210126","7C-D1-C3-57-5F-EE","89"
"1559210186","7C-D1-C3-57-5F-EE","89"
"1559210247","7C-D1-C3-57-5F-EE","89"
"1559210307","7C-D1-C3-57-5F-EE","89"
"1559210367","7C-D1-C3-57-5F-EE","89"
"1559210427","7C-D1-C3-57-5F-EE","89"
"1559210488","7C-D1-C3-57-5F-EE","89"
"1559210548","7C-D1-C3-57-5F-EE","89"
"1559210608","7C-D1-C3-57-5F-EE","89"
"1559210669","7C-D1-C3-57-5F-EE","89"
"1559210729","7C-D1-C3-57-5F-EE","89"
"1559210789","7C-D1-C3-57-5F-EE","89"
"1559210850","7C-D1-C3-57-5F-EE","89"
"1559210910","7C-D1-C3-57-5F-EE","89"
"1559210970","7C-D1-C3-57-5F-EE","89"
"1559211030","7C-D1-C3-57-5F-EE","89"
"1559211091","7C-D1-C3-57-5F-EE","89"
"1559211151","7C-D1-C3-57-5F-EE","89"
"1559211211","7C-D1-C3-57-5F-EE","89"
"1559211272","7C-D1-C3-57-5F-EE","87"
"1559211332","7C-D1-C3-57-5F-EE","87"
"1559211392","7C-D1-C3-57-5F-EE","87"
"1559211452","7C-D1-C3-57-5F-EE","87"
"1559211513","7C-D1-C3-57-5F-EE","87"
"1559211573","7C-D1-C3-57-5F-EE","87"
"1559211633","7C-D1-C3-57-5F-EE","87"
"1559211693","7C-D1-C3-57-5F-EE","87"
"1559211754","7C-D1-C3-57-5F-EE","87"
"1559211814","7C-D1-C3-57-5F-EE","87"
"1559211874","7C-D1-C3-57-5F-EE","87"
"1559211934","7C-D1-C3-57-5F-EE","87"
"1559211995","7C-D1-C3-57-5F-EE","87"
"1559212055","7C-D1-C3-57-5F-EE","87"
"1559212115","7C-D1-C3-57-5F-EE","87"
"1559212176","7C-D1-C3-57-5F-EE","87"
"1559212236","7C-D1-C3-57-5F-EE","87"
"1559212296","7C-D1-C3-57-5F-EE","87"
"1559212357","7C-D1-C3-57-5F-EE","87"
"1559212417","7C-D1-C3-57-5F-EE","87"
"1559212477","7C-D1-C3-57-5F-EE","87"
"1559212538","7C-D1-C3-57-5F-EE","87"
"1559212598","7C-D1-C3-57-5F-EE","87"
"1559212658","7C-D1-C3-57-5F-EE","87"
"1559212719","7C-D1-C3-57-5F-EE","87"
"1559212779","7C-D1-C3-57-5F-EE","87"
"1559212839","7C-D1-C3-57-5F-EE","87"
"1559212900","7C-D1-C3-57-5F-EE","87"
"1559212960","7C-D1-C3-57-5F-EE","87"
"1559213020","7C-D1-C3-57-5F-EE","87"
"1559213080","7C-D1-C3-57-5F-EE","87"
"1559213141","7C-D1-C3-57-5F-EE","87"
"1559213201","7C-D1-C3-57-5F-EE","87"
"1559213261","7C-D1-C3-57-5F-EE","87"
"1559213322","7C-D1-C3-57-5F-EE","87"
"1559213382","7C-D1-C3-57-5F-EE","87"
"1559213442","7C-D1-C3-57-5F-EE","87"
"1559213502","7C-D1-C3-57-5F-EE","87"
"1559213563","7C-D1-C3-57-5F-EE","87"
"1559213623","7C-D1-C3-57-5F-EE","87"
"1559213683","7C-D1-C3-57-5F-EE","87"
"1559213743","7C-D1-C3-57-5F-EE","87"
"1559213804","7C-D1-C3-57-5F-EE","87"
"1559213864","7C-D1-C3-57-5F-EE","87"
"1559213924","7C-D1-C3-57-5F-EE","87"
"1559213984","7C-D1-C3-57-5F-EE","87"
"1559214045","7C-D1-C3-57-5F-EE","87"
"1559214105","7C-D1-C3-57-5F-EE","87"
"1559214165","7C-D1-C3-57-5F-EE","87"
"1559214225","7C-D1-C3-57-5F-EE","87"
"1559214286","7C-D1-C3-57-5F-EE","87"
"1559214346","7C-D1-C3-57-5F-EE","87"
"1559214406","7C-D1-C3-57-5F-EE","87"
"1559214466","7C-D1-C3-57-5F-EE","87"
"1559214526","7C-D1-C3-57-5F-EE","87"
"1559214587","7C-D1-C3-57-5F-EE","87"
"1559214647","7C-D1-C3-57-5F-EE","87"
"1559214707","7C-D1-C3-57-5F-EE","87"
"1559214767","7C-D1-C3-57-5F-EE","87"
"1559214828","7C-D1-C3-57-5F-EE","87"
"1559214888","7C-D1-C3-57-5F-EE","87"
"1559214948","7C-D1-C3-57-5F-EE","87"
"1559215008","7C-D1-C3-57-5F-EE","87"
"1559215069","7C-D1-C3-57-5F-EE","87"
"1559215129","7C-D1-C3-57-5F-EE","87"
"1559215189","7C-D1-C3-57-5F-EE","87"
"1559215249","7C-D1-C3-57-5F-EE","87"
"1559215310","7C-D1-C3-57-5F-EE","87"
"1559215370","7C-D1-C3-57-5F-EE","87"
"1559215430","7C-D1-C3-57-5F-EE","87"
"1559215490","7C-D1-C3-57-5F-EE","87"
"1559215550","7C-D1-C3-57-5F-EE","87"
"1559215611","7C-D1-C3-57-5F-EE","87"
"1559215671","7C-D1-C3-57-5F-EE","87"
"1559215731","7C-D1-C3-57-5F-EE","87"
"1559215791","7C-D1-C3-57-5F-EE","87"
"1559215852","7C-D1-C3-57-5F-EE","87"
"1559215912","7C-D1-C3-57-5F-EE","87"
"1559215972","7C-D1-C3-57-5F-EE","87"
"1559216032","7C-D1-C3-57-5F-EE","87"
"1559216093","7C-D1-C3-57-5F-EE","87"
"1559216153","7C-D1-C3-57-5F-EE","87"
"1559216213","7C-D1-C3-57-5F-EE","87"
"1559216273","7C-D1-C3-57-5F-EE","87"
"1559216333","7C-D1-C3-57-5F-EE","87"
"1559216394","7C-D1-C3-57-5F-EE","87"
"1559216454","7C-D1-C3-57-5F-EE","87"
"1559216514","7C-D1-C3-57-5F-EE","87"
"1559216574","7C-D1-C3-57-5F-EE","87"
"1559216635","7C-D1-C3-57-5F-EE","87"
"1559216695","7C-D1-C3-57-5F-EE","87"
"1559216755","7C-D1-C3-57-5F-EE","87"
"1559216815","7C-D1-C3-57-5F-EE","87"
"1559216876","7C-D1-C3-57-5F-EE","87"
"1559216936","7C-D1-C3-57-5F-EE","87"
"1559216996","7C-D1-C3-57-5F-EE","87"
"1559217056","7C-D1-C3-57-5F-EE","87"
"1559217117","7C-D1-C3-57-5F-EE","87"
"1559217177","7C-D1-C3-57-5F-EE","87"
"1559217237","7C-D1-C3-57-5F-EE","87"
"1559217297","7C-D1-C3-57-5F-EE","87"
"1559217358","7C-D1-C3-57-5F-EE","87"
"1559217418","7C-D1-C3-57-5F-EE","87"
"1559217478","7C-D1-C3-57-5F-EE","87"
"1559217538","7C-D1-C3-57-5F-EE","87"
"1559217599","7C-D1-C3-57-5F-EE","87"
"1559217659","7C-D1-C3-57-5F-EE","87"
"1559217719","7C-D1-C3-57-5F-EE","87"
"1559217779","7C-D1-C3-57-5F-EE","87"
"1559217840","7C-D1-C3-57-5F-EE","87"
"1559217900","7C-D1-C3-57-5F-EE","87"
"1559217960","7C-D1-C3-57-5F-EE","87"
"1559218021","7C-D1-C3-57-5F-EE","87"
"1559218081","7C-D1-C3-57-5F-EE","87"
"1559218141","7C-D1-C3-57-5F-EE","87"
"1559218201","7C-D1-C3-57-5F-EE","87"
"1559218262","7C-D1-C3-57-5F-EE","87"
"1559218322","7C-D1-C3-57-5F-EE","87"
"1559218382","7C-D1-C3-57-5F-EE","87"
"1559218443","7C-D1-C3-57-5F-EE","87"
"1559218503","7C-D1-C3-57-5F-EE","87"
"1559218563","7C-D1-C3-57-5F-EE","87"
"1559218623","7C-D1-C3-57-5F-EE","87"
"1559218684","7C-D1-C3-57-5F-EE","87"
"1559218744","7C-D1-C3-57-5F-EE","87"
"1559218804","7C-D1-C3-57-5F-EE","87"
"1559218864","7C-D1-C3-57-5F-EE","87"
"1559218925","7C-D1-C3-57-5F-EE","87"
"1559218985","7C-D1-C3-57-5F-EE","87"
"1559219045","7C-D1-C3-57-5F-EE","87"
"1559219105","7C-D1-C3-57-5F-EE","87"
"1559219165","7C-D1-C3-57-5F-EE","87"
"1559219226","7C-D1-C3-57-5F-EE","87"
"1559219286","7C-D1-C3-57-5F-EE","87"
"1559219346","7C-D1-C3-57-5F-EE","87"
"1559219406","7C-D1-C3-57-5F-EE","87"
"1559219467","7C-D1-C3-57-5F-EE","87"
"1559219527","7C-D1-C3-57-5F-EE","87"
"1559219587","7C-D1-C3-57-5F-EE","87"
"1559219647","7C-D1-C3-57-5F-EE","87"
"1559219708","7C-D1-C3-57-5F-EE","87"
"1559219768","7C-D1-C3-57-5F-EE","87"
"1559219828","7C-D1-C3-57-5F-EE","87"
"1559219888","7C-D1-C3-57-5F-EE","87"
"1559219949","7C-D1-C3-57-5F-EE","87"
"1559220009","7C-D1-C3-57-5F-EE","87"
"1559220069","7C-D1-C3-57-5F-EE","87"
"1559220130","7C-D1-C3-57-5F-EE","87"
"1559220190","7C-D1-C3-57-5F-EE","87"
"1559220250","7C-D1-C3-57-5F-EE","87"
"1559220310","7C-D1-C3-57-5F-EE","87"
"1559220370","7C-D1-C3-57-5F-EE","87"
"1559220431","7C-D1-C3-57-5F-EE","87"
"1559220491","7C-D1-C3-57-5F-EE","87"
"1559220551","7C-D1-C3-57-5F-EE","87"
"1559220611","7C-D1-C3-57-5F-EE","87"
"1559220672","7C-D1-C3-57-5F-EE","87"
"1559220732","7C-D1-C3-57-5F-EE","87"
"1559220792","7C-D1-C3-57-5F-EE","87"
"1559220853","7C-D1-C3-57-5F-EE","87"
"1559220913","7C-D1-C3-57-5F-EE","87"
"1559220973","7C-D1-C3-57-5F-EE","87"
"1559221033","7C-D1-C3-57-5F-EE","87"
"1559221094","7C-D1-C3-57-5F-EE","87"
"1559221154","7C-D1-C3-57-5F-EE","87"
"1559221214","7C-D1-C3-57-5F-EE","87"
"1559221274","7C-D1-C3-57-5F-EE","87"
"1559221335","7C-D1-C3-57-5F-EE","87"
"1559221395","7C-D1-C3-57-5F-EE","87"
"1559221455","7C-D1-C3-57-5F-EE","87"
"1559221515","7C-D1-C3-57-5F-EE","87"
"1559221576","7C-D1-C3-57-5F-EE","87"
"1559221636","7C-D1-C3-57-5F-EE","87"
"1559221696","7C-D1-C3-57-5F-EE","87"
"1559221756","7C-D1-C3-57-5F-EE","87"
"1559221817","7C-D1-C3-57-5F-EE","87"
"1559221877","7C-D1-C3-57-5F-EE","87"
"1559221937","7C-D1-C3-57-5F-EE","87"
"1559221997","7C-D1-C3-57-5F-EE","87"
"1559222057","7C-D1-C3-57-5F-EE","87"
"1559222118","7C-D1-C3-57-5F-EE","87"
"1559222178","7C-D1-C3-57-5F-EE","87"
"1559222239","7C-D1-C3-57-5F-EE","87"
"1559222299","7C-D1-C3-57-5F-EE","87"
"1559222359","7C-D1-C3-57-5F-EE","87"
"1559222419","7C-D1-C3-57-5F-EE","87"
"1559222480","7C-D1-C3-57-5F-EE","87"
"1559222540","7C-D1-C3-57-5F-EE","87"
"1559222600","7C-D1-C3-57-5F-EE","87"
"1559222660","7C-D1-C3-57-5F-EE","87"
"1559222721","7C-D1-C3-57-5F-EE","87"
"1559222781","7C-D1-C3-57-5F-EE","87"
"1559222841","7C-D1-C3-57-5F-EE","87"
"1559222901","7C-D1-C3-57-5F-EE","87"
"1559222961","7C-D1-C3-57-5F-EE","87"
"1559223022","7C-D1-C3-57-5F-EE","87"
"1559223082","7C-D1-C3-57-5F-EE","87"
"1559223142","7C-D1-C3-57-5F-EE","87"
"1559223203","7C-D1-C3-57-5F-EE","87"
"1559223263","7C-D1-C3-57-5F-EE","87"
"1559223323","7C-D1-C3-57-5F-EE","87"
"1559223384","7C-D1-C3-57-5F-EE","87"
"1559223444","7C-D1-C3-57-5F-EE","87"
"1559223504","7C-D1-C3-57-5F-EE","87"
"1559223564","7C-D1-C3-57-5F-EE","87"
"1559223625","7C-D1-C3-57-5F-EE","87"
"1559223685","7C-D1-C3-57-5F-EE","87"
"1559223745","7C-D1-C3-57-5F-EE","87"
"1559223805","7C-D1-C3-57-5F-EE","87"
"1559223865","7C-D1-C3-57-5F-EE","87"
"1559223926","7C-D1-C3-57-5F-EE","87"
"1559223986","7C-D1-C3-57-5F-EE","87"
"1559224046","7C-D1-C3-57-5F-EE","87"
"1559224106","7C-D1-C3-57-5F-EE","87"
"1559224167","7C-D1-C3-57-5F-EE","87"
"1559224227","7C-D1-C3-57-5F-EE","87"
"1559224287","7C-D1-C3-57-5F-EE","87"
"1559224347","7C-D1-C3-57-5F-EE","87"
"1559224408","7C-D1-C3-57-5F-EE","87"
"1559224468","7C-D1-C3-57-5F-EE","87"
"1559224528","7C-D1-C3-57-5F-EE","87"
"1559224588","7C-D1-C3-57-5F-EE","87"
"1559224648","7C-D1-C3-57-5F-EE","87"
"1559224709","7C-D1-C3-57-5F-EE","87"
"1559224769","7C-D1-C3-57-5F-EE","87"
"1559224829","7C-D1-C3-57-5F-EE","87"
"1559224889","7C-D1-C3-57-5F-EE","87"
"1559224950","7C-D1-C3-57-5F-EE","87"
"1559225010","7C-D1-C3-57-5F-EE","87"
"1559225070","7C-D1-C3-57-5F-EE","87"
"1559225131","7C-D1-C3-57-5F-EE","87"
"1559225191","7C-D1-C3-57-5F-EE","87"
"1559225251","7C-D1-C3-57-5F-EE","87"
"1559225311","7C-D1-C3-57-5F-EE","87"
"1559225372","7C-D1-C3-57-5F-EE","87"
"1559225432","7C-D1-C3-57-5F-EE","87"
"1559225492","7C-D1-C3-57-5F-EE","87"
"1559225552","7C-D1-C3-57-5F-EE","87"
"1559225612","7C-D1-C3-57-5F-EE","87"
"1559225673","7C-D1-C3-57-5F-EE","85"
"1559225733","7C-D1-C3-57-5F-EE","85"
"1559225793","7C-D1-C3-57-5F-EE","85"
"1559225854","7C-D1-C3-57-5F-EE","85"
"1559225914","7C-D1-C3-57-5F-EE","85"
"1559225974","7C-D1-C3-57-5F-EE","85"
"1559226034","7C-D1-C3-57-5F-EE","85"
"1559226095","7C-D1-C3-57-5F-EE","85"
"1559226155","7C-D1-C3-57-5F-EE","85"
"1559226215","7C-D1-C3-57-5F-EE","85"
"1559226275","7C-D1-C3-57-5F-EE","85"
"1559226335","7C-D1-C3-57-5F-EE","85"
"1559226396","7C-D1-C3-57-5F-EE","85"
"1559226456","7C-D1-C3-57-5F-EE","85"
"1559226516","7C-D1-C3-57-5F-EE","85"
"1559226576","7C-D1-C3-57-5F-EE","85"
"1559226636","7C-D1-C3-57-5F-EE","85"
"1559226697","7C-D1-C3-57-5F-EE","85"
"1559226757","7C-D1-C3-57-5F-EE","85"
"1559226817","7C-D1-C3-57-5F-EE","85"
"1559226878","7C-D1-C3-57-5F-EE","85"
"1559226938","7C-D1-C3-57-5F-EE","85"
"1559226998","7C-D1-C3-57-5F-EE","85"
"1559227059","7C-D1-C3-57-5F-EE","85"
"1559227119","7C-D1-C3-57-5F-EE","85"
"1559227179","7C-D1-C3-57-5F-EE","85"
"1559227240","7C-D1-C3-57-5F-EE","85"
"1559227300","7C-D1-C3-57-5F-EE","85"
"1559227360","7C-D1-C3-57-5F-EE","85"
"1559227420","7C-D1-C3-57-5F-EE","85"
"1559227481","7C-D1-C3-57-5F-EE","85"
"1559227541","7C-D1-C3-57-5F-EE","85"
"1559227601","7C-D1-C3-57-5F-EE","85"
"1559227661","7C-D1-C3-57-5F-EE","85"
"1559227722","7C-D1-C3-57-5F-EE","85"
"1559227782","7C-D1-C3-57-5F-EE","85"
"1559227842","7C-D1-C3-57-5F-EE","85"
"1559227903","7C-D1-C3-57-5F-EE","85"
"1559227963","7C-D1-C3-57-5F-EE","85"
"1559228023","7C-D1-C3-57-5F-EE","85"
"1559228083","7C-D1-C3-57-5F-EE","85"
"1559228144","7C-D1-C3-57-5F-EE","85"
"1559228204","7C-D1-C3-57-5F-EE","85"
"1559228264","7C-D1-C3-57-5F-EE","85"
"1559228325","7C-D1-C3-57-5F-EE","85"
"1559228385","7C-D1-C3-57-5F-EE","85"
"1559228445","7C-D1-C3-57-5F-EE","85"
"1559228505","7C-D1-C3-57-5F-EE","85"
"1559228566","7C-D1-C3-57-5F-EE","85"
"1559228626","7C-D1-C3-57-5F-EE","85"
"1559228686","7C-D1-C3-57-5F-EE","85"
"1559228746","7C-D1-C3-57-5F-EE","85"
"1559228807","7C-D1-C3-57-5F-EE","85"
"1559228867","7C-D1-C3-57-5F-EE","85"
"1559228927","7C-D1-C3-57-5F-EE","85"
"1559228988","7C-D1-C3-57-5F-EE","85"
"1559229048","7C-D1-C3-57-5F-EE","85"
"1559229108","7C-D1-C3-57-5F-EE","85"
"1559229169","7C-D1-C3-57-5F-EE","85"
"1559229229","7C-D1-C3-57-5F-EE","85"
"1559229289","7C-D1-C3-57-5F-EE","85"
"1559229349","7C-D1-C3-57-5F-EE","85"
"1559229410","7C-D1-C3-57-5F-EE","85"
"1559229470","7C-D1-C3-57-5F-EE","85"
"1559229531","7C-D1-C3-57-5F-EE","85"
"1559229591","7C-D1-C3-57-5F-EE","85"
"1559229651","7C-D1-C3-57-5F-EE","85"
"1559229711","7C-D1-C3-57-5F-EE","85"
"1559229772","7C-D1-C3-57-5F-EE","85"
"1559229832","7C-D1-C3-57-5F-EE","85"
"1559229892","7C-D1-C3-57-5F-EE","85"
"1559229952","7C-D1-C3-57-5F-EE","85"
"1559230013","7C-D1-C3-57-5F-EE","85"
"1559230073","7C-D1-C3-57-5F-EE","85"
"1559230133","7C-D1-C3-57-5F-EE","85"
"1559230194","7C-D1-C3-57-5F-EE","85"
"1559230254","7C-D1-C3-57-5F-EE","85"
"1559230314","7C-D1-C3-57-5F-EE","85"
"1559230375","7C-D1-C3-57-5F-EE","85"
"1559230435","7C-D1-C3-57-5F-EE","85"
"1559230496","7C-D1-C3-57-5F-EE","85"
"1559230556","7C-D1-C3-57-5F-EE","85"
"1559230616","7C-D1-C3-57-5F-EE","85"
"1559230676","7C-D1-C3-57-5F-EE","85"
"1559230737","7C-D1-C3-57-5F-EE","85"
"1559230797","7C-D1-C3-57-5F-EE","85"
"1559230857","7C-D1-C3-57-5F-EE","85"
"1559230918","7C-D1-C3-57-5F-EE","85"
"1559230978","7C-D1-C3-57-5F-EE","85"
"1559231038","7C-D1-C3-57-5F-EE","85"
"1559231099","7C-D1-C3-57-5F-EE","85"
"1559231159","7C-D1-C3-57-5F-EE","85"
"1559231219","7C-D1-C3-57-5F-EE","85"
"1559231280","7C-D1-C3-57-5F-EE","85"
"1559231340","7C-D1-C3-57-5F-EE","85"
"1559231400","7C-D1-C3-57-5F-EE","85"
"1559231461","7C-D1-C3-57-5F-EE","85"
"1559231521","7C-D1-C3-57-5F-EE","85"
"1559231581","7C-D1-C3-57-5F-EE","85"
"1559231642","7C-D1-C3-57-5F-EE","85"
"1559231702","7C-D1-C3-57-5F-EE","85"
"1559288605","7C-D1-C3-57-5F-EE","85"
"1559288665","7C-D1-C3-57-5F-EE","85"
"1559288725","7C-D1-C3-57-5F-EE","85"
"1559288785","7C-D1-C3-57-5F-EE","85"
"1559288846","7C-D1-C3-57-5F-EE","85"
"1559288910","7C-D1-C3-57-5F-EE","85"
"1559288970","7C-D1-C3-57-5F-EE","85"
"1559289030","7C-D1-C3-57-5F-EE","85"
"1559289090","7C-D1-C3-57-5F-EE","85"
"1559289151","7C-D1-C3-57-5F-EE","85"
"1559289211","7C-D1-C3-57-5F-EE","85"
"1559289271","7C-D1-C3-57-5F-EE","85"
"1559289331","7C-D1-C3-57-5F-EE","85"
"1559289392","7C-D1-C3-57-5F-EE","85"
"1559289452","7C-D1-C3-57-5F-EE","85"
"1559289512","7C-D1-C3-57-5F-EE","85"
"1559289572","7C-D1-C3-57-5F-EE","85"
"1559289633","7C-D1-C3-57-5F-EE","85"
"1559289693","7C-D1-C3-57-5F-EE","85"
"1559289753","7C-D1-C3-57-5F-EE","85"
"1559289813","7C-D1-C3-57-5F-EE","85"
"1559289873","7C-D1-C3-57-5F-EE","85"
"1559289934","7C-D1-C3-57-5F-EE","85"
"1559289994","7C-D1-C3-57-5F-EE","85"
"1559290054","7C-D1-C3-57-5F-EE","85"
"1559290114","7C-D1-C3-57-5F-EE","85"
"1559290175","7C-D1-C3-57-5F-EE","85"
"1559290235","7C-D1-C3-57-5F-EE","85"
"1559290295","7C-D1-C3-57-5F-EE","85"
"1559290355","7C-D1-C3-57-5F-EE","85"
"1559290416","7C-D1-C3-57-5F-EE","85"
"1559290476","7C-D1-C3-57-5F-EE","85"
"1559290536","7C-D1-C3-57-5F-EE","85"
"1559290596","7C-D1-C3-57-5F-EE","85"
"1559290656","7C-D1-C3-57-5F-EE","85"
"1559290717","7C-D1-C3-57-5F-EE","85"
"1559290777","7C-D1-C3-57-5F-EE","85"
"1559290837","7C-D1-C3-57-5F-EE","85"
"1559290897","7C-D1-C3-57-5F-EE","85"
"1559290957","7C-D1-C3-57-5F-EE","85"
"1559291018","7C-D1-C3-57-5F-EE","85"
"1559291078","7C-D1-C3-57-5F-EE","85"
"1559291138","7C-D1-C3-57-5F-EE","85"
"1559291198","7C-D1-C3-57-5F-EE","85"
"1559291259","7C-D1-C3-57-5F-EE","85"
"1559291319","7C-D1-C3-57-5F-EE","85"
"1559291379","7C-D1-C3-57-5F-EE","85"
"1559291439","7C-D1-C3-57-5F-EE","85"
"1559291500","7C-D1-C3-57-5F-EE","85"
"1559291560","7C-D1-C3-57-5F-EE","85"
"1559291620","7C-D1-C3-57-5F-EE","85"
"1559291680","7C-D1-C3-57-5F-EE","85"
"1559291741","7C-D1-C3-57-5F-EE","85"
"1559291801","7C-D1-C3-57-5F-EE","85"
"1559291861","7C-D1-C3-57-5F-EE","85"
"1559291921","7C-D1-C3-57-5F-EE","85"
"1559291982","7C-D1-C3-57-5F-EE","85"
"1559292042","7C-D1-C3-57-5F-EE","85"
"1559292102","7C-D1-C3-57-5F-EE","85"
"1559292162","7C-D1-C3-57-5F-EE","85"
"1559292223","7C-D1-C3-57-5F-EE","85"
"1559292283","7C-D1-C3-57-5F-EE","85"
"1559292343","7C-D1-C3-57-5F-EE","85"
"1559292403","7C-D1-C3-57-5F-EE","85"
"1559292464","7C-D1-C3-57-5F-EE","85"
"1559292524","7C-D1-C3-57-5F-EE","85"
"1559292584","7C-D1-C3-57-5F-EE","85"
"1559292644","7C-D1-C3-57-5F-EE","85"
"1559292705","7C-D1-C3-57-5F-EE","85"
"1559292765","7C-D1-C3-57-5F-EE","85"
"1559292825","7C-D1-C3-57-5F-EE","85"
"1559292885","7C-D1-C3-57-5F-EE","85"
"1559292945","7C-D1-C3-57-5F-EE","85"
"1559293006","7C-D1-C3-57-5F-EE","85"
"1559293066","7C-D1-C3-57-5F-EE","85"
"1559293126","7C-D1-C3-57-5F-EE","85"
"1559293186","7C-D1-C3-57-5F-EE","85"
"1559293246","7C-D1-C3-57-5F-EE","85"
"1559293307","7C-D1-C3-57-5F-EE","85"
"1559293367","7C-D1-C3-57-5F-EE","85"
"1559293427","7C-D1-C3-57-5F-EE","85"
"1559293487","7C-D1-C3-57-5F-EE","85"
"1559293548","7C-D1-C3-57-5F-EE","85"
"1559293608","7C-D1-C3-57-5F-EE","85"
"1559293668","7C-D1-C3-57-5F-EE","85"
"1559293728","7C-D1-C3-57-5F-EE","85"
"1559293789","7C-D1-C3-57-5F-EE","85"
"1559293849","7C-D1-C3-57-5F-EE","85"
"1559293909","7C-D1-C3-57-5F-EE","85"
"1559293969","7C-D1-C3-57-5F-EE","85"
"1559294030","7C-D1-C3-57-5F-EE","85"
"1559294090","7C-D1-C3-57-5F-EE","85"
"1559294150","7C-D1-C3-57-5F-EE","85"
"1559294210","7C-D1-C3-57-5F-EE","85"
"1559294271","7C-D1-C3-57-5F-EE","85"
"1559294331","7C-D1-C3-57-5F-EE","85"
"1559294391","7C-D1-C3-57-5F-EE","85"
"1559294451","7C-D1-C3-57-5F-EE","85"
"1559294511","7C-D1-C3-57-5F-EE","85"
"1559294572","7C-D1-C3-57-5F-EE","85"
"1559294632","7C-D1-C3-57-5F-EE","85"
"1559294692","7C-D1-C3-57-5F-EE","85"
"1559294752","7C-D1-C3-57-5F-EE","85"
"1559294812","7C-D1-C3-57-5F-EE","85"
"1559294873","7C-D1-C3-57-5F-EE","85"
"1559294933","7C-D1-C3-57-5F-EE","85"
"1559294993","7C-D1-C3-57-5F-EE","85"
"1559295053","7C-D1-C3-57-5F-EE","85"
"1559295114","7C-D1-C3-57-5F-EE","85"
"1559295174","7C-D1-C3-57-5F-EE","85"
"1559295234","7C-D1-C3-57-5F-EE","85"
"1559295294","7C-D1-C3-57-5F-EE","85"
"1559295355","7C-D1-C3-57-5F-EE","85"
"1559295415","7C-D1-C3-57-5F-EE","85"
"1559295475","7C-D1-C3-57-5F-EE","85"
"1559295535","7C-D1-C3-57-5F-EE","85"
"1559295596","7C-D1-C3-57-5F-EE","85"
"1559295656","7C-D1-C3-57-5F-EE","85"
"1559295716","7C-D1-C3-57-5F-EE","85"
"1559295776","7C-D1-C3-57-5F-EE","85"
"1559295837","7C-D1-C3-57-5F-EE","85"
"1559295897","7C-D1-C3-57-5F-EE","85"
"1559295957","7C-D1-C3-57-5F-EE","85"
"1559296017","7C-D1-C3-57-5F-EE","85"
"1559296077","7C-D1-C3-57-5F-EE","85"
"1559296138","7C-D1-C3-57-5F-EE","85"
"1559296198","7C-D1-C3-57-5F-EE","85"
"1559296258","7C-D1-C3-57-5F-EE","85"
"1559296318","7C-D1-C3-57-5F-EE","85"
"1559296379","7C-D1-C3-57-5F-EE","85"
"1559296439","7C-D1-C3-57-5F-EE","85"
"1559296499","7C-D1-C3-57-5F-EE","85"
"1559296560","7C-D1-C3-57-5F-EE","85"
"1559296620","7C-D1-C3-57-5F-EE","85"
"1559296680","7C-D1-C3-57-5F-EE","85"
"1559296740","7C-D1-C3-57-5F-EE","85"
"1559296801","7C-D1-C3-57-5F-EE","85"
"1559296861","7C-D1-C3-57-5F-EE","85"
"1559296921","7C-D1-C3-57-5F-EE","85"
"1559296981","7C-D1-C3-57-5F-EE","85"
"1559297042","7C-D1-C3-57-5F-EE","85"
"1559297102","7C-D1-C3-57-5F-EE","85"
"1559297162","7C-D1-C3-57-5F-EE","85"
"1559297222","7C-D1-C3-57-5F-EE","85"
"1559297282","7C-D1-C3-57-5F-EE","85"
"1559297343","7C-D1-C3-57-5F-EE","85"
"1559297403","7C-D1-C3-57-5F-EE","85"
"1559297463","7C-D1-C3-57-5F-EE","85"
"1559297523","7C-D1-C3-57-5F-EE","85"
"1559297583","7C-D1-C3-57-5F-EE","85"
"1559297644","7C-D1-C3-57-5F-EE","85"
"1559297704","7C-D1-C3-57-5F-EE","85"
"1559297764","7C-D1-C3-57-5F-EE","85"
"1559297825","7C-D1-C3-57-5F-EE","85"
"1559297885","7C-D1-C3-57-5F-EE","85"
"1559297945","7C-D1-C3-57-5F-EE","85"
"1559298005","7C-D1-C3-57-5F-EE","85"
"1559298065","7C-D1-C3-57-5F-EE","85"
"1559298126","7C-D1-C3-57-5F-EE","85"
"1559298186","7C-D1-C3-57-5F-EE","85"
"1559298246","7C-D1-C3-57-5F-EE","85"
"1559298307","7C-D1-C3-57-5F-EE","85"
"1559298367","7C-D1-C3-57-5F-EE","85"
"1559298427","7C-D1-C3-57-5F-EE","85"
"1559298487","7C-D1-C3-57-5F-EE","85"
"1559298548","7C-D1-C3-57-5F-EE","85"
"1559298608","7C-D1-C3-57-5F-EE","85"
"1559298668","7C-D1-C3-57-5F-EE","85"
"1559298728","7C-D1-C3-57-5F-EE","85"
"1559298789","7C-D1-C3-57-5F-EE","85"
"1559298849","7C-D1-C3-57-5F-EE","85"
"1559298909","7C-D1-C3-57-5F-EE","85"
"1559298969","7C-D1-C3-57-5F-EE","85"
"1559299029","7C-D1-C3-57-5F-EE","85"
"1559299090","7C-D1-C3-57-5F-EE","85"
"1559299150","7C-D1-C3-57-5F-EE","85"
"1559299210","7C-D1-C3-57-5F-EE","85"
"1559299270","7C-D1-C3-57-5F-EE","85"
"1559299331","7C-D1-C3-57-5F-EE","85"
"1559299391","7C-D1-C3-57-5F-EE","85"
"1559299451","7C-D1-C3-57-5F-EE","85"
"1559299511","7C-D1-C3-57-5F-EE","85"
"1559299572","7C-D1-C3-57-5F-EE","85"
"1559299632","7C-D1-C3-57-5F-EE","85"
"1559299692","7C-D1-C3-57-5F-EE","85"
"1559299752","7C-D1-C3-57-5F-EE","85"
"1559299813","7C-D1-C3-57-5F-EE","85"
"1559299873","7C-D1-C3-57-5F-EE","85"
"1559299933","7C-D1-C3-57-5F-EE","85"
"1559299993","7C-D1-C3-57-5F-EE","85"
"1559300054","7C-D1-C3-57-5F-EE","85"
"1559300114","7C-D1-C3-57-5F-EE","85"
"1559300174","7C-D1-C3-57-5F-EE","85"
"1559300234","7C-D1-C3-57-5F-EE","85"
"1559300295","7C-D1-C3-57-5F-EE","85"
"1559300355","7C-D1-C3-57-5F-EE","85"
"1559300415","7C-D1-C3-57-5F-EE","85"
"1559300475","7C-D1-C3-57-5F-EE","85"
"1559300536","7C-D1-C3-57-5F-EE","85"
"1559300596","7C-D1-C3-57-5F-EE","85"
"1559300656","7C-D1-C3-57-5F-EE","85"
"1559300716","7C-D1-C3-57-5F-EE","85"
"1559300777","7C-D1-C3-57-5F-EE","85"
"1559300837","7C-D1-C3-57-5F-EE","85"
"1559300897","7C-D1-C3-57-5F-EE","85"
"1559300957","7C-D1-C3-57-5F-EE","85"
"1559301018","7C-D1-C3-57-5F-EE","85"
"1559301078","7C-D1-C3-57-5F-EE","85"
"1559301138","7C-D1-C3-57-5F-EE","85"
"1559301198","7C-D1-C3-57-5F-EE","85"
"1559301259","7C-D1-C3-57-5F-EE","85"
"1559301319","7C-D1-C3-57-5F-EE","85"
"1559301379","7C-D1-C3-57-5F-EE","85"
"1559301439","7C-D1-C3-57-5F-EE","85"
"1559301499","7C-D1-C3-57-5F-EE","85"
"1559301560","7C-D1-C3-57-5F-EE","85"
"1559301620","7C-D1-C3-57-5F-EE","85"
"1559301680","7C-D1-C3-57-5F-EE","85"
"1559301740","7C-D1-C3-57-5F-EE","85"
"1559301801","7C-D1-C3-57-5F-EE","85"
"1559301861","7C-D1-C3-57-5F-EE","85"
"1559301921","7C-D1-C3-57-5F-EE","85"
"1559301981","7C-D1-C3-57-5F-EE","85"
"1559302042","7C-D1-C3-57-5F-EE","85"
"1559302102","7C-D1-C3-57-5F-EE","85"
"1559302162","7C-D1-C3-57-5F-EE","85"
"1559302222","7C-D1-C3-57-5F-EE","85"
"1559302283","7C-D1-C3-57-5F-EE","85"
"1559302343","7C-D1-C3-57-5F-EE","85"
"1559302403","7C-D1-C3-57-5F-EE","85"
"1559302463","7C-D1-C3-57-5F-EE","85"
"1559302523","7C-D1-C3-57-5F-EE","85"
"1559302584","7C-D1-C3-57-5F-EE","85"
"1559302644","7C-D1-C3-57-5F-EE","85"
"1559302704","7C-D1-C3-57-5F-EE","85"
"1559302764","7C-D1-C3-57-5F-EE","85"
"1559302825","7C-D1-C3-57-5F-EE","85"
"1559302885","7C-D1-C3-57-5F-EE","85"
"1559302945","7C-D1-C3-57-5F-EE","85"
"1559303005","7C-D1-C3-57-5F-EE","84"
"1559303066","7C-D1-C3-57-5F-EE","84"
"1559303126","7C-D1-C3-57-5F-EE","84"
"1559303186","7C-D1-C3-57-5F-EE","84"
"1559303246","7C-D1-C3-57-5F-EE","84"
"1559303307","7C-D1-C3-57-5F-EE","84"
"1559303367","7C-D1-C3-57-5F-EE","84"
"1559303427","7C-D1-C3-57-5F-EE","84"
"1559303487","7C-D1-C3-57-5F-EE","84"
"1559303547","7C-D1-C3-57-5F-EE","84"
"1559303608","7C-D1-C3-57-5F-EE","84"
"1559303668","7C-D1-C3-57-5F-EE","84"
"1559303728","7C-D1-C3-57-5F-EE","84"
"1559303788","7C-D1-C3-57-5F-EE","84"
"1559303849","7C-D1-C3-57-5F-EE","84"
"1559303909","7C-D1-C3-57-5F-EE","84"
"1559303969","7C-D1-C3-57-5F-EE","84"
"1559304029","7C-D1-C3-57-5F-EE","84"
"1559304090","7C-D1-C3-57-5F-EE","84"
"1559304150","7C-D1-C3-57-5F-EE","84"
"1559304210","7C-D1-C3-57-5F-EE","84"
"1559304271","7C-D1-C3-57-5F-EE","84"
"1559304331","7C-D1-C3-57-5F-EE","84"
"1559304391","7C-D1-C3-57-5F-EE","84"
"1559304451","7C-D1-C3-57-5F-EE","84"
"1559304512","7C-D1-C3-57-5F-EE","84"
"1559304572","7C-D1-C3-57-5F-EE","84"
"1559304632","7C-D1-C3-57-5F-EE","84"
"1559304692","7C-D1-C3-57-5F-EE","84"
"1559304753","7C-D1-C3-57-5F-EE","84"
"1559304813","7C-D1-C3-57-5F-EE","84"
"1559304873","7C-D1-C3-57-5F-EE","84"
"1559304933","7C-D1-C3-57-5F-EE","84"
"1559304994","7C-D1-C3-57-5F-EE","84"
"1559305054","7C-D1-C3-57-5F-EE","84"
"1559305114","7C-D1-C3-57-5F-EE","84"
"1559305174","7C-D1-C3-57-5F-EE","84"
"1559305235","7C-D1-C3-57-5F-EE","84"
"1559305295","7C-D1-C3-57-5F-EE","84"
"1559305355","7C-D1-C3-57-5F-EE","84"
"1559305415","7C-D1-C3-57-5F-EE","84"
"1559305476","7C-D1-C3-57-5F-EE","84"
"1559305536","7C-D1-C3-57-5F-EE","84"
"1559305596","7C-D1-C3-57-5F-EE","84"
"1559305657","7C-D1-C3-57-5F-EE","84"
"1559305717","7C-D1-C3-57-5F-EE","84"
"1559305777","7C-D1-C3-57-5F-EE","84"
"1559305838","7C-D1-C3-57-5F-EE","84"
"1559305898","7C-D1-C3-57-5F-EE","84"
"1559305958","7C-D1-C3-57-5F-EE","84"
"1559306018","7C-D1-C3-57-5F-EE","84"
"1559306079","7C-D1-C3-57-5F-EE","84"
"1559306139","7C-D1-C3-57-5F-EE","84"
"1559306199","7C-D1-C3-57-5F-EE","84"
"1559306259","7C-D1-C3-57-5F-EE","84"
"1559306320","7C-D1-C3-57-5F-EE","84"
"1559306380","7C-D1-C3-57-5F-EE","84"
"1559306440","7C-D1-C3-57-5F-EE","84"
"1559306501","7C-D1-C3-57-5F-EE","84"
"1559306561","7C-D1-C3-57-5F-EE","84"
"1559306621","7C-D1-C3-57-5F-EE","84"
"1559306681","7C-D1-C3-57-5F-EE","84"
"1559306742","7C-D1-C3-57-5F-EE","84"
"1559306802","7C-D1-C3-57-5F-EE","84"
"1559306862","7C-D1-C3-57-5F-EE","84"
"1559306922","7C-D1-C3-57-5F-EE","84"
"1559306983","7C-D1-C3-57-5F-EE","84"
"1559307043","7C-D1-C3-57-5F-EE","84"
"1559307103","7C-D1-C3-57-5F-EE","84"
"1559307164","7C-D1-C3-57-5F-EE","84"
"1559307224","7C-D1-C3-57-5F-EE","84"
"1559307285","7C-D1-C3-57-5F-EE","84"
"1559307345","7C-D1-C3-57-5F-EE","84"
"1559307405","7C-D1-C3-57-5F-EE","84"
"1559307466","7C-D1-C3-57-5F-EE","84"
"1559307526","7C-D1-C3-57-5F-EE","84"
"1559307586","7C-D1-C3-57-5F-EE","84"
"1559307647","7C-D1-C3-57-5F-EE","84"
"1559307707","7C-D1-C3-57-5F-EE","84"
"1559307767","7C-D1-C3-57-5F-EE","84"
"1559307828","7C-D1-C3-57-5F-EE","84"
"1559307888","7C-D1-C3-57-5F-EE","84"
"1559307948","7C-D1-C3-57-5F-EE","84"
"1559308008","7C-D1-C3-57-5F-EE","84"
"1559308069","7C-D1-C3-57-5F-EE","84"
"1559308129","7C-D1-C3-57-5F-EE","84"
"1559308189","7C-D1-C3-57-5F-EE","84"
"1559308250","7C-D1-C3-57-5F-EE","84"
"1559308310","7C-D1-C3-57-5F-EE","84"
"1559308370","7C-D1-C3-57-5F-EE","84"
"1559308431","7C-D1-C3-57-5F-EE","84"
"1559308491","7C-D1-C3-57-5F-EE","84"
"1559308551","7C-D1-C3-57-5F-EE","84"
"1559308611","7C-D1-C3-57-5F-EE","84"
"1559308671","7C-D1-C3-57-5F-EE","84"
"1559308732","7C-D1-C3-57-5F-EE","84"
"1559308792","7C-D1-C3-57-5F-EE","84"
"1559308852","7C-D1-C3-57-5F-EE","84"
"1559308913","7C-D1-C3-57-5F-EE","84"
"1559308973","7C-D1-C3-57-5F-EE","84"
"1559309033","7C-D1-C3-57-5F-EE","84"
"1559309093","7C-D1-C3-57-5F-EE","84"
"1559309154","7C-D1-C3-57-5F-EE","84"
"1559309214","7C-D1-C3-57-5F-EE","84"
"1559309274","7C-D1-C3-57-5F-EE","84"
"1559309334","7C-D1-C3-57-5F-EE","84"
"1559309395","7C-D1-C3-57-5F-EE","84"
"1559309455","7C-D1-C3-57-5F-EE","84"
"1559309516","7C-D1-C3-57-5F-EE","84"
"1559309576","7C-D1-C3-57-5F-EE","84"
"1559309636","7C-D1-C3-57-5F-EE","84"
"1559309697","7C-D1-C3-57-5F-EE","84"
"1559309757","7C-D1-C3-57-5F-EE","84"
"1559309817","7C-D1-C3-57-5F-EE","84"
"1559309878","7C-D1-C3-57-5F-EE","84"
"1559309938","7C-D1-C3-57-5F-EE","84"
"1559309998","7C-D1-C3-57-5F-EE","84"
"1559310059","7C-D1-C3-57-5F-EE","84"
"1559310119","7C-D1-C3-57-5F-EE","84"
"1559310179","7C-D1-C3-57-5F-EE","84"
"1559310239","7C-D1-C3-57-5F-EE","84"
"1559310300","7C-D1-C3-57-5F-EE","84"
"1559310360","7C-D1-C3-57-5F-EE","84"
"1559310420","7C-D1-C3-57-5F-EE","84"
"1559310480","7C-D1-C3-57-5F-EE","84"
"1559310541","7C-D1-C3-57-5F-EE","84"
"1559310601","7C-D1-C3-57-5F-EE","84"
"1559310661","7C-D1-C3-57-5F-EE","84"
"1559310721","7C-D1-C3-57-5F-EE","84"
"1559310782","7C-D1-C3-57-5F-EE","84"
"1559310842","7C-D1-C3-57-5F-EE","84"
"1559310902","7C-D1-C3-57-5F-EE","84"
"1559310962","7C-D1-C3-57-5F-EE","84"
"1559311023","7C-D1-C3-57-5F-EE","84"
"1559311083","7C-D1-C3-57-5F-EE","84"
"1559311143","7C-D1-C3-57-5F-EE","84"
"1559311203","7C-D1-C3-57-5F-EE","84"
"1559311264","7C-D1-C3-57-5F-EE","84"
"1559311324","7C-D1-C3-57-5F-EE","84"
"1559311384","7C-D1-C3-57-5F-EE","84"
"1559311444","7C-D1-C3-57-5F-EE","84"
"1559311505","7C-D1-C3-57-5F-EE","84"
"1559311565","7C-D1-C3-57-5F-EE","84"
"1559311625","7C-D1-C3-57-5F-EE","84"
"1559311685","7C-D1-C3-57-5F-EE","84"
"1559311746","7C-D1-C3-57-5F-EE","84"
"1559311806","7C-D1-C3-57-5F-EE","84"
"1559311866","7C-D1-C3-57-5F-EE","84"
"1559311926","7C-D1-C3-57-5F-EE","84"
"1559311987","7C-D1-C3-57-5F-EE","84"
"1559312047","7C-D1-C3-57-5F-EE","84"
"1559312107","7C-D1-C3-57-5F-EE","84"
"1559312168","7C-D1-C3-57-5F-EE","84"
"1559312228","7C-D1-C3-57-5F-EE","84"
"1559312288","7C-D1-C3-57-5F-EE","84"
"1559312349","7C-D1-C3-57-5F-EE","84"
"1559312409","7C-D1-C3-57-5F-EE","84"
"1559312469","7C-D1-C3-57-5F-EE","84"
"1559312530","7C-D1-C3-57-5F-EE","84"
"1559312590","7C-D1-C3-57-5F-EE","84"
"1559312650","7C-D1-C3-57-5F-EE","84"
"1559312710","7C-D1-C3-57-5F-EE","84"
"1559312771","7C-D1-C3-57-5F-EE","84"
"1559312831","7C-D1-C3-57-5F-EE","84"
"1559312891","7C-D1-C3-57-5F-EE","84"
"1559312952","7C-D1-C3-57-5F-EE","84"
"1559313012","7C-D1-C3-57-5F-EE","84"
"1559313072","7C-D1-C3-57-5F-EE","84"
"1559313132","7C-D1-C3-57-5F-EE","84"
"1559313193","7C-D1-C3-57-5F-EE","84"
"1559313253","7C-D1-C3-57-5F-EE","84"
"1559313313","7C-D1-C3-57-5F-EE","84"
"1559313373","7C-D1-C3-57-5F-EE","84"
"1559313433","7C-D1-C3-57-5F-EE","84"
"1559313494","7C-D1-C3-57-5F-EE","84"
"1559313554","7C-D1-C3-57-5F-EE","84"
"1559313614","7C-D1-C3-57-5F-EE","84"
"1559313675","7C-D1-C3-57-5F-EE","84"
"1559313735","7C-D1-C3-57-5F-EE","84"
"1559313795","7C-D1-C3-57-5F-EE","84"
"1559313855","7C-D1-C3-57-5F-EE","84"
"1559313915","7C-D1-C3-57-5F-EE","84"
"1559313976","7C-D1-C3-57-5F-EE","84"
"1559314036","7C-D1-C3-57-5F-EE","84"
"1559314096","7C-D1-C3-57-5F-EE","84"
"1559314156","7C-D1-C3-57-5F-EE","84"
"1559314217","7C-D1-C3-57-5F-EE","84"
"1559314277","7C-D1-C3-57-5F-EE","84"
"1559314337","7C-D1-C3-57-5F-EE","84"
"1559314397","7C-D1-C3-57-5F-EE","84"
"1559314458","7C-D1-C3-57-5F-EE","84"
"1559314518","7C-D1-C3-57-5F-EE","84"
"1559314578","7C-D1-C3-57-5F-EE","84"
"1559314638","7C-D1-C3-57-5F-EE","84"
"1559314699","7C-D1-C3-57-5F-EE","84"
"1559314759","7C-D1-C3-57-5F-EE","84"
"1559314819","7C-D1-C3-57-5F-EE","84"
"1559314879","7C-D1-C3-57-5F-EE","84"
"1559314940","7C-D1-C3-57-5F-EE","84"
"1559315000","7C-D1-C3-57-5F-EE","84"
"1559315060","7C-D1-C3-57-5F-EE","84"
"1559315120","7C-D1-C3-57-5F-EE","84"
"1559315181","7C-D1-C3-57-5F-EE","84"
"1559315241","7C-D1-C3-57-5F-EE","84"
"1559315301","7C-D1-C3-57-5F-EE","84"
"1559315361","7C-D1-C3-57-5F-EE","84"
"1559315421","7C-D1-C3-57-5F-EE","84"
"1559315482","7C-D1-C3-57-5F-EE","84"
"1559315542","7C-D1-C3-57-5F-EE","84"
"1559315602","7C-D1-C3-57-5F-EE","84"
"1559315662","7C-D1-C3-57-5F-EE","84"
"1559315723","7C-D1-C3-57-5F-EE","84"
"1559315783","7C-D1-C3-57-5F-EE","84"
"1559315843","7C-D1-C3-57-5F-EE","84"
"1559315903","7C-D1-C3-57-5F-EE","84"
"1559315964","7C-D1-C3-57-5F-EE","84"
"1559316024","7C-D1-C3-57-5F-EE","84"
"1559316084","7C-D1-C3-57-5F-EE","84"
"1559316144","7C-D1-C3-57-5F-EE","84"
"1559316205","7C-D1-C3-57-5F-EE","84"
"1559316265","7C-D1-C3-57-5F-EE","84"
"1559316325","7C-D1-C3-57-5F-EE","84"
"1559316385","7C-D1-C3-57-5F-EE","84"
"1559316446","7C-D1-C3-57-5F-EE","84"
"1559316506","7C-D1-C3-57-5F-EE","84"
"1559316566","7C-D1-C3-57-5F-EE","84"
"1559316626","7C-D1-C3-57-5F-EE","84"
"1559316687","7C-D1-C3-57-5F-EE","84"
"1559316747","7C-D1-C3-57-5F-EE","84"
"1559316807","7C-D1-C3-57-5F-EE","84"
"1559316867","7C-D1-C3-57-5F-EE","84"
"1559316928","7C-D1-C3-57-5F-EE","84"
"1559316988","7C-D1-C3-57-5F-EE","84"
"1559317048","7C-D1-C3-57-5F-EE","84"
"1559317108","7C-D1-C3-57-5F-EE","84"
"1559317168","7C-D1-C3-57-5F-EE","84"
"1559317229","7C-D1-C3-57-5F-EE","84"
"1559317289","7C-D1-C3-57-5F-EE","84"
"1559317349","7C-D1-C3-57-5F-EE","84"
"1559317409","7C-D1-C3-57-5F-EE","82"
"1559317470","7C-D1-C3-57-5F-EE","82"
"1559317530","7C-D1-C3-57-5F-EE","82"
"1559317590","7C-D1-C3-57-5F-EE","82"
"1559317650","7C-D1-C3-57-5F-EE","82"
"1559317711","7C-D1-C3-57-5F-EE","82"
"1559317771","7C-D1-C3-57-5F-EE","82"
"1559317831","7C-D1-C3-57-5F-EE","82"
"1559317891","7C-D1-C3-57-5F-EE","82"
"1559317952","7C-D1-C3-57-5F-EE","82"
"1559318012","7C-D1-C3-57-5F-EE","82"
"1559318072","7C-D1-C3-57-5F-EE","82"
"1559318132","7C-D1-C3-57-5F-EE","82"
"1559318193","7C-D1-C3-57-5F-EE","82"
"1561968456","7C-D1-C3-57-5F-EE","8"
"1561968516","7C-D1-C3-57-5F-EE","8"
"1561968576","7C-D1-C3-57-5F-EE","8"
"1561968636","7C-D1-C3-57-5F-EE","8"
"1561968697","7C-D1-C3-57-5F-EE","8"
"1561968757","7C-D1-C3-57-5F-EE","8"
"1561968817","7C-D1-C3-57-5F-EE","8"
"1561968877","7C-D1-C3-57-5F-EE","8"
"1561968938","7C-D1-C3-57-5F-EE","8"
"1561968998","7C-D1-C3-57-5F-EE","8"
"1561969058","7C-D1-C3-57-5F-EE","8"
"1561969118","7C-D1-C3-57-5F-EE","8"
"1561969179","7C-D1-C3-57-5F-EE","8"
"1561969239","7C-D1-C3-57-5F-EE","8"
"1561969299","7C-D1-C3-57-5F-EE","8"
"1561969359","7C-D1-C3-57-5F-EE","8"
"1561969420","7C-D1-C3-57-5F-EE","8"
"1561969480","7C-D1-C3-57-5F-EE","8"
"1561969540","7C-D1-C3-57-5F-EE","8"
"1561969600","7C-D1-C3-57-5F-EE","8"
"1561969661","7C-D1-C3-57-5F-EE","8"
"1561969721","7C-D1-C3-57-5F-EE","8"
"1561969781","7C-D1-C3-57-5F-EE","8"
"1561969842","7C-D1-C3-57-5F-EE","8"
"1561969902","7C-D1-C3-57-5F-EE","8"
"1561969962","7C-D1-C3-57-5F-EE","8"
"1561970022","7C-D1-C3-57-5F-EE","8"
"1561970083","7C-D1-C3-57-5F-EE","8"
"1561970143","7C-D1-C3-57-5F-EE","8"
"1561970203","7C-D1-C3-57-5F-EE","8"
"1561970263","7C-D1-C3-57-5F-EE","8"
"1561970323","7C-D1-C3-57-5F-EE","8"
"1561970384","7C-D1-C3-57-5F-EE","8"
"1561970444","7C-D1-C3-57-5F-EE","8"
"1561970504","7C-D1-C3-57-5F-EE","8"
"1561970564","7C-D1-C3-57-5F-EE","8"
"1561970625","7C-D1-C3-57-5F-EE","8"
"1561970685","7C-D1-C3-57-5F-EE","8"
"1561970745","7C-D1-C3-57-5F-EE","8"
"1561970805","7C-D1-C3-57-5F-EE","8"
"1561970866","7C-D1-C3-57-5F-EE","8"
"1561970926","7C-D1-C3-57-5F-EE","8"
"1561970986","7C-D1-C3-57-5F-EE","8"
"1561971047","7C-D1-C3-57-5F-EE","8"
"1561971107","7C-D1-C3-57-5F-EE","8"
"1561971167","7C-D1-C3-57-5F-EE","8"
"1561971227","7C-D1-C3-57-5F-EE","8"
"1561971288","7C-D1-C3-57-5F-EE","8"
"1561971348","7C-D1-C3-57-5F-EE","8"
"1561971408","7C-D1-C3-57-5F-EE","8"
"1561971468","7C-D1-C3-57-5F-EE","8"
"1561971528","7C-D1-C3-57-5F-EE","8"
"1561971589","7C-D1-C3-57-5F-EE","8"
"1561971649","7C-D1-C3-57-5F-EE","8"
"1561971709","7C-D1-C3-57-5F-EE","8"
"1561971769","7C-D1-C3-57-5F-EE","8"
"1561971830","7C-D1-C3-57-5F-EE","8"
"1561971890","7C-D1-C3-57-5F-EE","8"
"1561971950","7C-D1-C3-57-5F-EE","8"
"1561972010","7C-D1-C3-57-5F-EE","8"
"1561972071","7C-D1-C3-57-5F-EE","8"
"1561972131","7C-D1-C3-57-5F-EE","8"
"1561972191","7C-D1-C3-57-5F-EE","8"
"1561972251","7C-D1-C3-57-5F-EE","8"
"1561972311","7C-D1-C3-57-5F-EE","8"
"1561972372","7C-D1-C3-57-5F-EE","8"
"1561972432","7C-D1-C3-57-5F-EE","8"
"1561972492","7C-D1-C3-57-5F-EE","8"
"1561972552","7C-D1-C3-57-5F-EE","8"
"1561972613","7C-D1-C3-57-5F-EE","8"
"1561972673","7C-D1-C3-57-5F-EE","8"
"1561972733","7C-D1-C3-57-5F-EE","8"
"1561972793","7C-D1-C3-57-5F-EE","8"
"1561972854","7C-D1-C3-57-5F-EE","8"
"1561972914","7C-D1-C3-57-5F-EE","8"
"1561972974","7C-D1-C3-57-5F-EE","8"
"1561973034","7C-D1-C3-57-5F-EE","8"
"1561973094","7C-D1-C3-57-5F-EE","8"
"1561973155","7C-D1-C3-57-5F-EE","8"
"1561973215","7C-D1-C3-57-5F-EE","8"
"1561973275","7C-D1-C3-57-5F-EE","8"
"1561973336","7C-D1-C3-57-5F-EE","8"
"1561973396","7C-D1-C3-57-5F-EE","8"
"1561973456","7C-D1-C3-57-5F-EE","8"
"1561973516","7C-D1-C3-57-5F-EE","8"
"1561973576","7C-D1-C3-57-5F-EE","8"
"1561973637","7C-D1-C3-57-5F-EE","8"
"1561973697","7C-D1-C3-57-5F-EE","8"
"1561973757","7C-D1-C3-57-5F-EE","8"
"1561973817","7C-D1-C3-57-5F-EE","8"
"1561973878","7C-D1-C3-57-5F-EE","8"
"1561973938","7C-D1-C3-57-5F-EE","8"
"1561973998","7C-D1-C3-57-5F-EE","8"
"1561974058","7C-D1-C3-57-5F-EE","8"
"1561974119","7C-D1-C3-57-5F-EE","8"
"1561974179","7C-D1-C3-57-5F-EE","8"
"1561974239","7C-D1-C3-57-5F-EE","8"
"1561974299","7C-D1-C3-57-5F-EE","8"
"1561974360","7C-D1-C3-57-5F-EE","8"
"1561974420","7C-D1-C3-57-5F-EE","8"
"1561974480","7C-D1-C3-57-5F-EE","8"
"1561974540","7C-D1-C3-57-5F-EE","8"
"1561974601","7C-D1-C3-57-5F-EE","8"
"1561974661","7C-D1-C3-57-5F-EE","8"
"1561974721","7C-D1-C3-57-5F-EE","8"
"1561974781","7C-D1-C3-57-5F-EE","8"
"1561974841","7C-D1-C3-57-5F-EE","8"
"1561974902","7C-D1-C3-57-5F-EE","8"
"1561974962","7C-D1-C3-57-5F-EE","8"
"1561975022","7C-D1-C3-57-5F-EE","8"
"1561975083","7C-D1-C3-57-5F-EE","8"
"1561975143","7C-D1-C3-57-5F-EE","8"
"1561975203","7C-D1-C3-57-5F-EE","8"
"1561975263","7C-D1-C3-57-5F-EE","8"
"1561975323","7C-D1-C3-57-5F-EE","8"
"1561975384","7C-D1-C3-57-5F-EE","8"
"1561975444","7C-D1-C3-57-5F-EE","8"
"1561975504","7C-D1-C3-57-5F-EE","8"
"1561975564","7C-D1-C3-57-5F-EE","8"
"1561975625","7C-D1-C3-57-5F-EE","8"
"1561975685","7C-D1-C3-57-5F-EE","8"
"1561975745","7C-D1-C3-57-5F-EE","8"
"1561975806","7C-D1-C3-57-5F-EE","8"
"1561975866","7C-D1-C3-57-5F-EE","8"
"1561975926","7C-D1-C3-57-5F-EE","8"
"1561975986","7C-D1-C3-57-5F-EE","8"
"1561976046","7C-D1-C3-57-5F-EE","8"
"1561976107","7C-D1-C3-57-5F-EE","8"
"1561976167","7C-D1-C3-57-5F-EE","8"
"1561976227","7C-D1-C3-57-5F-EE","8"
"1561976287","7C-D1-C3-57-5F-EE","8"
"1561976347","7C-D1-C3-57-5F-EE","8"
"1561976408","7C-D1-C3-57-5F-EE","8"
"1561976468","7C-D1-C3-57-5F-EE","8"
"1561976528","7C-D1-C3-57-5F-EE","8"
"1561976588","7C-D1-C3-57-5F-EE","8"
"1561976649","7C-D1-C3-57-5F-EE","8"
"1561976709","7C-D1-C3-57-5F-EE","8"
"1561976769","7C-D1-C3-57-5F-EE","8"
"1561976829","7C-D1-C3-57-5F-EE","8"
"1561976890","7C-D1-C3-57-5F-EE","8"
"1561976950","7C-D1-C3-57-5F-EE","8"
"1561977010","7C-D1-C3-57-5F-EE","8"
"1561977070","7C-D1-C3-57-5F-EE","8"
"1561977131","7C-D1-C3-57-5F-EE","8"
"1561977191","7C-D1-C3-57-5F-EE","8"
"1561977251","7C-D1-C3-57-5F-EE","8"
"1561977311","7C-D1-C3-57-5F-EE","8"
"1561977372","7C-D1-C3-57-5F-EE","6"
"1561977432","7C-D1-C3-57-5F-EE","6"
"1561977492","7C-D1-C3-57-5F-EE","6"
"1561977552","7C-D1-C3-57-5F-EE","6"
"1561977612","7C-D1-C3-57-5F-EE","6"
"1561977673","7C-D1-C3-57-5F-EE","6"
"1561977733","7C-D1-C3-57-5F-EE","6"
"1561977793","7C-D1-C3-57-5F-EE","6"
"1561977853","7C-D1-C3-57-5F-EE","6"
"1561977914","7C-D1-C3-57-5F-EE","6"
"1561977974","7C-D1-C3-57-5F-EE","6"
"1561978034","7C-D1-C3-57-5F-EE","6"
"1561978094","7C-D1-C3-57-5F-EE","6"
"1561978155","7C-D1-C3-57-5F-EE","6"
"1561978215","7C-D1-C3-57-5F-EE","6"
"1561978275","7C-D1-C3-57-5F-EE","6"
"1561978335","7C-D1-C3-57-5F-EE","6"
"1561978396","7C-D1-C3-57-5F-EE","6"
"1561978456","7C-D1-C3-57-5F-EE","6"
"1561978516","7C-D1-C3-57-5F-EE","6"
"1561978576","7C-D1-C3-57-5F-EE","6"
"1561978637","7C-D1-C3-57-5F-EE","6"
"1561978697","7C-D1-C3-57-5F-EE","6"
"1561978757","7C-D1-C3-57-5F-EE","6"
"1561978817","7C-D1-C3-57-5F-EE","6"
"1561978877","7C-D1-C3-57-5F-EE","6"
"1561978938","7C-D1-C3-57-5F-EE","6"
"1561978998","7C-D1-C3-57-5F-EE","6"
"1561979058","7C-D1-C3-57-5F-EE","6"
"1561979118","7C-D1-C3-57-5F-EE","6"
"1561979179","7C-D1-C3-57-5F-EE","6"
"1561979239","7C-D1-C3-57-5F-EE","6"
"1561979299","7C-D1-C3-57-5F-EE","6"
"1561979359","7C-D1-C3-57-5F-EE","6"
"1561979420","7C-D1-C3-57-5F-EE","7"
"1561979480","7C-D1-C3-57-5F-EE","7"
"1561979540","7C-D1-C3-57-5F-EE","7"
"1561979600","7C-D1-C3-57-5F-EE","7"
"1561979661","7C-D1-C3-57-5F-EE","7"
"1561979721","7C-D1-C3-57-5F-EE","5"
"1561979781","7C-D1-C3-57-5F-EE","5"
"1561979841","7C-D1-C3-57-5F-EE","5"
"1561979901","7C-D1-C3-57-5F-EE","5"
"1561979962","7C-D1-C3-57-5F-EE","6"
"1561980022","7C-D1-C3-57-5F-EE","0"
"1561980082","7C-D1-C3-57-5F-EE","0"
